trip_id,timestamp,hour,day_of_week,temp_c,wind_kph,precip_mm,condition,is_holiday,user_type,bike_type,demand
1,2025-07-22 12:00:00,12,1,20.28095296704541,15.439521404669179,1.415647421331504,Cloudy,0,member,e-bike,79.0
2,2025-07-16 11:00:00,11,2,13.998843994221492,12.080502645865046,0.6482952185765584,Clear,0,member,classic,79.0
3,2025-07-17 04:00:00,4,3,12.734613874426945,22.90955993143839,0.4320687073389278,Clear,0,member,classic,70.0
4,2025-07-14 16:00:00,16,0,7.877436934527444,,1.3367539024112958,,0,member,classic,44.0
5,2025-07-05 08:00:00,8,5,,24.103253652646455,3.7642628871500357,Clear,1,casual,e-bike,105.0
6,2025-07-01 23:00:00,23,1,11.903406612908158,11.640534497591146,1.3570470841000428,Cloudy,0,member,classic,61.0
7,2025-07-26 01:00:00,1,5,19.188812653196436,21.813489985739068,1.1319175399402708,Fog,1,member,classic,97.0
8,2025-07-05 16:00:00,16,5,10.225588269121781,45.057520371768334,0.8646171433883929,Windy,1,member,classic,51.0
9,2025-07-06 09:00:00,9,6,17.530104335035578,10.092234982876725,1.8721938526010904,Cloudy,1,member,e-bike,108.0
10,2025-07-24 23:00:00,23,3,15.427706792781256,33.33767127399345,1.7762359164958923,Clear,0,member,classic,72.0
11,2025-07-10 04:00:00,4,3,23.051445972352905,11.393103228134194,0.9987851047055774,Cloudy,0,member,e-bike,60.0
12,2025-07-05 06:00:00,6,5,16.04192376302199,22.200105696206336,0.1146083824487112,Fog,1,member,classic,99.0
13,2025-07-05 23:00:00,23,5,12.17241004750345,23.98784389487023,0.7884207956428969,Clear,1,member,classic,61.0
14,2025-07-27 20:00:00,20,6,17.702401318997637,12.208692064550927,1.4189792989939576,Fog,1,member,classic,109.0
15,2025-07-03 05:00:00,5,3,,18.370653297310774,0.04070681407402892,Fog,0,member,classic,77.0
16,2025-07-04 07:00:00,7,4,23.742766178403404,19.403866988221356,0.6052842046516115,Cloudy,0,member,classic,91.0
17,2025-07-23 22:00:00,22,2,,30.064644969957605,0.11604246979792253,Clear,0,member,classic,10.0
18,2025-07-10 14:00:00,14,3,19.420300853370104,16.1999759417058,0.15711000959375618,Clear,0,member,classic,99.0
19,2025-07-05 21:00:00,21,5,9.264023640184964,32.154901187631545,2.0055873472876535,Cloudy,1,casual,classic,40.0
20,2025-07-18 07:00:00,7,4,24.372714586880477,19.524765721787595,1.4097159495553968,Clear,0,member,classic,68.0
21,2025-07-15 09:00:00,9,1,17.09329886941098,16.973728292971174,1.3310826314875717,Cloudy,0,member,classic,101.0
22,2025-07-11 19:00:00,19,4,6.615773952162179,18.09628136026912,3.7334541405490764,,0,member,classic,10.0
23,2025-07-18 18:00:00,18,4,10.6558163343432,12.265886152605761,1.1488186540542904,Clear,0,casual,classic,72.0
24,2025-07-26 14:00:00,14,5,13.54429310910181,19.437683549930572,2.263040096707516,Clear,1,member,e-bike,75.0
25,2025-07-09 22:00:00,22,2,3.3449285557259207,20.33167970276541,0.568080674964629,Clear,0,,e-bike,0.0
26,2025-07-04 02:00:00,2,4,20.56898342767517,24.818756342106965,0.2244437133704533,Cloudy,0,member,e-bike,80.0
27,2025-07-20 01:00:00,1,6,10.641331768316759,21.957333911344538,1.2136470998063866,Clear,1,member,classic,67.0
28,2025-07-01 08:00:00,8,1,20.040536866459863,14.268988366535195,1.9571072101347269,Fog,0,member,classic,108.0
29,2025-07-15 10:00:00,10,1,13.419000091259015,12.205035541144058,0.1949688514326712,Clear,0,casual,e-bike,62.0
30,2025-07-02 21:00:00,21,2,12.176851083121013,15.009092789377805,0.4252650003676744,Clear,0,casual,e-bike,62.0
31,2025-07-14 16:00:00,16,0,4.584312812329004,42.050872794879396,0.49306213461943926,Windy,0,casual,classic,2.0
32,2025-07-26 02:00:00,2,5,11.859144389034384,3.0611484815838392,2.172621758371414,Cloudy,1,casual,classic,56.0
33,2025-07-24 13:00:00,13,3,10.912087799152983,14.142268193696228,0.028111356695282117,Clear,0,member,classic,57.0
34,2025-07-22 06:00:00,6,1,21.553192521637417,47.294885467969145,1.8031996445806435,Windy,0,casual,classic,40.0
35,2025-07-08 14:00:00,14,1,16.068615398326344,31.201840406654377,0.4039218398852758,Fog,0,member,classic,71.0
36,2025-07-06 21:00:00,21,6,7.862249291410039,12.180599771484612,0.3241436625997352,Cloudy,1,member,classic,46.0
37,2025-07-05 09:00:00,9,5,8.308610292561909,12.137650003112572,0.9316712331080911,Cloudy,1,casual,classic,64.0
38,2025-07-17 02:00:00,2,3,21.863351666606516,170.0,0.43466156165990205,Fog,0,member,e-bike,81.0
39,2025-07-08 18:00:00,18,1,12.616984736987108,12.831832380992472,1.7975258608558116,Clear,0,member,classic,92.0
40,2025-07-16 04:00:00,4,2,18.684280136382082,17.98654223146912,1.7650751080122724,Cloudy,0,member,classic,72.0
41,2025-07-10 03:00:00,3,3,17.884184952925924,8.369834512075393,0.5349437201966025,Clear,0,member,e-bike,81.0
42,2025-07-27 12:00:00,12,6,10.860676309604818,8.67537505315159,1.6549195807384443,Clear,1,casual,classic,56.0
43,2025-07-18 09:00:00,9,4,,13.071353403447565,0.3868020214490501,Fog,0,member,classic,95.0
44,2025-07-13 08:00:00,8,6,24.718641127326467,17.234784953028495,0.7490153788868275,Fog,1,member,classic,109.0
45,2025-07-25 18:00:00,18,4,8.845511961063604,37.9145763473005,2.123365475521648,Clear,0,member,classic,34.0
46,2025-07-29 14:00:00,14,1,9.55648297428385,14.062413580072215,0.4373331046856363,Clear,0,member,classic,38.0
47,2025-07-05 16:00:00,16,5,18.626506440700712,19.187418328228333,0.1676442044519179,Clear,1,member,e-bike,134.0
48,2025-07-25 06:00:00,6,4,22.833954869599932,12.485840378864413,0.18198917419530272,Clear,0,member,classic,66.0
49,2025-07-18 16:00:00,16,4,12.555454590267214,36.58572311448043,0.21466430330313038,Clear,0,member,classic,74.0
50,2025-07-17 16:00:00,16,3,9.420429499110638,11.817258030095047,0.6295398124120917,Clear,0,member,e-bike,68.0
51,2025-07-31 03:00:00,3,3,14.987998130769927,13.642838470781701,0.8992329915682186,Cloudy,0,member,classic,88.0
52,2025-07-07 08:00:00,8,0,14.602219848140937,13.267110812878421,1.642662588252821,Clear,0,casual,e-bike,87.0
53,2025-07-21 10:00:00,10,0,21.323802546032095,5.758018556869851,0.17462778076699162,Cloudy,0,casual,classic,85.0
54,2025-07-12 13:00:00,13,5,14.934746627917836,32.79024421018046,2.6979575026783844,Cloudy,1,member,classic,73.0
55,2025-07-18 09:00:00,9,4,16.890111381946912,21.600783898270308,3.1051205026845703,Fog,0,member,classic,88.0
56,2025-07-07 20:00:00,20,0,4.990620262286356,16.994620315811407,1.7139226863697055,Clear,0,member,classic,0.0
57,2025-07-08 18:00:00,18,1,12.342731182320561,7.124110188492391,0.4386195618074545,Fog,0,casual,classic,92.0
58,2025-07-25 12:00:00,12,4,19.866495439763625,10.923178945216137,0.32870687222013606,Cloudy,0,member,classic,89.0
59,2025-07-16 11:00:00,11,2,11.110345227840103,23.969478214555817,0.46819366530001705,Clear,0,casual,e-bike,48.0
60,2025-07-16 17:00:00,17,2,10.743773975656008,44.21367926643164,1.6788447469442334,Windy,0,casual,classic,45.0
61,2025-07-07 16:00:00,16,0,7.133573260798054,20.562479674500402,0.7972137837751048,Clear,0,casual,e-bike,30.0
62,2025-07-17 12:00:00,12,3,21.29747507312071,26.739035721174787,2.2592319739412376,Clear,0,member,e-bike,68.0
63,2025-07-11 21:00:00,21,4,19.33261113887487,46.95929485225022,0.1018001130391485,Windy,0,member,classic,88.0
64,2025-07-11 10:00:00,10,4,22.559645776453436,13.931095642790822,2.824957726963483,Clear,0,casual,e-bike,59.0
65,2025-07-16 05:00:00,5,2,20.97525254601739,12.814460408856508,0.5235455173565902,Clear,0,casual,classic,78.0
66,2025-07-06 15:00:00,15,6,,18.18537760722577,1.1429284179681791,Clear,1,,classic,0.0
67,2025-07-24 09:00:00,9,3,20.294524547761988,11.813285654349176,0.24579374898586617,Fog,0,member,classic,100.0
68,2025-07-09 00:00:00,0,2,17.108679416383787,13.714280318176018,0.0459821812093825,Clear,0,member,e-bike,67.0
69,2025-07-16 03:00:00,3,2,16.90390738992398,18.497694575850378,0.2903239745698711,Clear,0,member,e-bike,80.0
70,2025-07-30 05:00:00,5,2,15.93098719742094,11.291490926143439,,Clear,0,member,e-bike,79.0
71,2025-07-23 15:00:00,15,2,6.409718897494647,,0.016570846962666256,Clear,0,member,e-bike,5.0
72,2025-07-19 08:00:00,8,5,14.327001916703253,21.30137070804659,4.8741937526627845,Rain,1,casual,classic,101.0
73,2025-07-13 23:00:00,23,6,12.206323382585452,43.48273158771513,0.25249939675751176,Windy,1,member,classic,47.0
74,2025-07-23 08:00:00,8,2,16.534945776274547,21.651581709860686,2.4497157379870145,Cloudy,0,casual,classic,95.0
75,2025-07-20 15:00:00,15,6,10.910539519412778,22.082713900862817,1.5380637464218554,Clear,1,member,e-bike,62.0
76,2025-07-22 15:00:00,15,1,2.915583761377537,22.576351276158878,1.6922709978576351,Fog,0,member,classic,1.0
77,2025-07-03 09:00:00,9,3,19.000607354578122,17.2343265761578,1.1195555004704352,Cloudy,0,member,e-bike,101.0
78,2025-07-13 22:00:00,22,6,11.450826906316173,10.319714151604622,2.571836339930618,,1,member,e-bike,65.0
79,2025-07-03 14:00:00,14,3,14.014749897754777,31.732127165016642,1.1918777967448124,Cloudy,0,member,classic,60.0
80,2025-07-15 12:00:00,12,1,12.56776073978007,17.483059886599374,0.32709201512216374,Clear,0,member,e-bike,66.0
81,2025-07-22 17:00:00,17,1,9.103801995020856,31.04745639177441,0.06609747629035553,Cloudy,0,member,classic,68.0
82,2025-07-04 01:00:00,1,4,10.568069576352562,24.489440338339215,3.5606286765161266,Clear,0,member,classic,39.0
83,2025-07-07 01:00:00,1,0,19.9560509774523,32.568446032801276,1.1911976600842797,Clear,0,member,e-bike,73.0
84,2025-07-28 19:00:00,19,0,6.852993687253457,23.985293506976888,0.232118352278371,Clear,0,member,e-bike,25.0
85,2025-07-20 23:00:00,23,6,12.311702674654,24.60909661443474,0.012019694955145646,Clear,1,casual,classic,70.0
86,2025-07-26 21:00:00,21,5,8.570449929086958,17.715814239504912,0.45214377104885684,Cloudy,1,casual,e-bike,55.0
87,2025-07-21 15:00:00,15,0,14.898709713401557,18.37135555082926,0.9870634552027713,Clear,0,casual,classic,77.0
88,2025-07-16 00:00:00,0,2,9.434060745865498,21.81420196456248,0.4394953541874201,Clear,0,member,classic,41.0
89,2025-07-01 09:00:00,9,1,22.479197048632997,17.84849338861529,0.7826683375791333,Cloudy,0,casual,classic,96.0
90,2025-07-12 01:00:00,1,5,17.22642548370114,25.2951134025234,0.03483161510136282,,1,member,e-bike,108.0
91,2025-07-10 12:00:00,12,3,11.727715251734011,7.927503449909317,0.9334228522326977,Cloudy,0,member,classic,55.0
92,2025-07-12 04:00:00,4,5,14.923167023700769,18.482311298555775,0.9508892117799921,Clear,1,casual,e-bike,
93,2025-07-12 07:00:00,7,5,15.092718713005524,10.939794600399553,1.7160101834347674,Cloudy,1,casual,classic,113.0
94,2025-07-04 21:00:00,21,4,9.948724583346257,25.35304392576687,2.4897307290674857,Fog,0,member,classic,36.0
95,2025-07-01 20:00:00,20,1,5.387194442869063,22.000869826273327,0.3782929741912326,Clear,0,member,classic,0.0
96,2025-07-20 17:00:00,17,6,2.9857219514968616,5.5920336590468125,4.189338859156313,Rain,1,casual,classic,0.0
97,2025-07-09 12:00:00,12,2,11.52793228049835,20.666631774701226,,Clear,0,casual,e-bike,67.0
98,2025-07-07 02:00:00,2,0,19.78230291463762,24.983947985392845,0.7798675814756424,Clear,0,member,classic,76.0
99,2025-07-19 12:00:00,12,5,18.397318018750102,27.25757481696244,1.8188621448312887,Cloudy,1,member,classic,81.0
100,2025-07-23 17:00:00,17,2,9.646068794618964,4.988174346118038,2.4837117128897797,Clear,0,member,e-bike,54.0
101,2025-07-17 23:00:00,23,3,13.40277308988265,10.865982302721397,0.13752783278806482,Clear,0,member,e-bike,
102,2025-07-27 10:00:00,10,6,21.11110838456407,30.768220968216898,0.05106003359721034,Cloudy,1,member,e-bike,76.0
103,2025-07-05 09:00:00,9,5,22.788865939427286,16.47892142188653,3.1129395577042414,Clear,1,casual,e-bike,85.0
104,2025-07-09 07:00:00,7,2,25.270124018028824,13.296769808962248,1.266472857590215,Clear,0,member,classic,75.0
105,2025-07-21 19:00:00,19,0,9.723917578739526,9.172806915612686,2.166641934123908,Clear,0,member,e-bike,48.0
106,2025-07-01 22:00:00,22,1,1.656427859437871,30.747657626107987,1.6480262368032534,Fog,0,casual,classic,2.0
107,2025-07-28 03:00:00,3,0,16.352304814192426,19.088840986365096,1.5524251575312937,Clear,0,member,classic,66.0
108,2025-07-16 06:00:00,6,2,20.11340964823507,28.079805562401717,0.6581093853290595,Clear,0,member,classic,60.0
109,2025-07-05 19:00:00,19,5,8.771374987321733,11.652796050458829,1.4647024414826395,Clear,1,member,e-bike,64.0
110,2025-07-04 20:00:00,20,4,8.737542531691114,11.428651664568951,0.1589880135020385,Clear,0,member,classic,30.0
111,2025-07-03 04:00:00,4,3,23.272003036850528,30.361794689165052,0.5901821772620283,Clear,0,member,e-bike,56.0
112,2025-07-12 13:00:00,13,5,10.42797558815273,37.941836555438705,1.5941925216794652,Fog,1,casual,classic,40.0
113,2025-07-14 09:00:00,9,0,10.926699998082789,15.994404713286459,0.663725789780396,Cloudy,0,casual,e-bike,76.0
114,2025-07-13 14:00:00,14,6,13.773865479927508,8.182512079597483,5.099054194334649,Rain,1,member,classic,73.0
115,2025-07-18 07:00:00,7,4,22.194763772378597,36.172518564769085,3.103410621048751,Fog,0,casual,e-bike,80.0
116,2025-07-13 19:00:00,19,6,1.0045566235917196,,0.3892721298568453,Clear,1,member,classic,2.0
117,2025-07-19 07:00:00,7,5,23.043737399666423,22.848415122506967,2.566773670694182,Clear,1,casual,e-bike,108.0
118,2025-07-18 17:00:00,17,4,11.922837303586027,15.141432161168733,2.0864413473823626,Cloudy,0,member,e-bike,76.0
119,2025-07-17 07:00:00,7,3,23.411367145644295,23.321996826331034,0.7625494578721306,Clear,0,casual,e-bike,88.0
120,2025-07-21 12:00:00,12,0,20.71154530826631,26.61521868052545,0.6537988556064301,Clear,0,member,e-bike,70.0
121,2025-07-03 18:00:00,18,3,5.064807491440746,18.99951443434085,0.3220700573456095,Clear,0,casual,classic,13.0
122,2025-07-14 15:00:00,15,0,1.619177459072512,9.268862917908836,1.1029908332592824,Cloudy,0,,classic,0.0
123,2025-07-14 17:00:00,17,0,8.693728888803605,15.086057820318084,1.0547758524102337,Fog,0,member,classic,74.0
124,2025-07-28 05:00:00,5,0,21.933069574654283,25.207051502185962,0.4854388828375303,Cloudy,0,casual,classic,73.0
125,2025-07-04 22:00:00,22,4,15.771624666639871,15.130850758491857,1.2017079815596234,Clear,0,member,classic,76.0
126,2025-07-07 03:00:00,3,0,18.67948019059454,6.080329314160466,1.3039662176984128,Cloudy,0,member,classic,77.0
127,2025-07-18 10:00:00,10,4,18.121459135881373,15.2787143278843,0.8394091324397801,Clear,0,casual,classic,75.0
128,2025-07-16 10:00:00,10,2,24.598036894501785,26.849677946788006,2.5697035677833417,Cloudy,0,member,classic,32.0
129,2025-07-14 13:00:00,13,0,17.214753615461774,14.33142865258873,1.8661240630312013,Clear,0,member,e-bike,73.0
130,2025-07-15 10:00:00,10,1,16.34355517369701,25.344006638806814,0.0816810430365315,Clear,0,member,e-bike,84.0
131,2025-07-27 13:00:00,13,6,9.502096981377097,29.08110456384931,0.7432629652272065,Fog,1,member,e-bike,53.0
132,2025-07-21 22:00:00,22,0,7.77234367749973,34.41384467463514,0.28553708424961016,Clear,0,member,classic,13.0
133,2025-07-21 06:00:00,6,0,24.699426699575554,26.56385681296152,0.9438477437469497,Cloudy,0,member,e-bike,49.0
134,2025-07-16 23:00:00,23,2,9.994024657015384,26.406552064113697,0.2875091343106351,Cloudy,0,member,e-bike,45.0
135,2025-07-18 22:00:00,22,4,13.456698911697927,9.742269694797763,2.6602896422306155,Cloudy,0,member,classic,58.0
136,2025-07-20 22:00:00,22,6,9.911374870451727,16.539071828298354,0.06445114033981275,Clear,1,member,e-bike,53.0
137,2025-07-03 16:00:00,16,3,14.33201925506482,20.130613261143115,2.144372164652554,Fog,0,member,classic,100.0
138,2025-07-21 19:00:00,19,0,5.893726846975903,30.051782569975238,0.6339297779145622,Clear,0,member,classic,13.0
139,2025-07-04 11:00:00,11,4,23.03869060090577,21.25475723378372,1.1187987589090638,Clear,0,member,classic,67.0
140,2025-07-01 14:00:00,14,1,4.168055511260517,14.958902009669641,0.3617606469020551,Cloudy,0,,classic,0.0
141,2025-07-09 20:00:00,20,2,5.309978070637941,15.38396674901775,1.1079585091614987,Clear,0,member,classic,0.0
142,2025-07-17 12:00:00,12,3,12.790354364621528,5.127044755948507,0.24623940787343138,Fog,0,member,e-bike,60.0
143,2025-07-03 23:00:00,23,3,11.04329284495418,8.68976946767875,1.9728632847513694,Clear,0,member,e-bike,48.0
144,2025-07-10 12:00:00,12,3,19.960801140807856,23.351076459266483,1.0889109144429432,Cloudy,0,member,e-bike,74.0
145,2025-07-09 12:00:00,12,2,20.508152946806376,23.31427391266271,1.2551351851623034,Clear,0,member,classic,77.0
146,2025-07-24 06:00:00,6,3,15.463045636565212,11.040019851786846,0.3689275740732394,Clear,0,member,e-bike,82.0
147,2025-07-04 10:00:00,10,4,13.890386726544815,25.62875577907051,0.2204463115016003,Clear,0,casual,classic,84.0
148,2025-07-20 10:00:00,10,6,8.859623368927306,12.247524899940625,0.04511799223856793,Clear,1,member,classic,37.0
149,2025-07-28 23:00:00,23,0,15.613997172952645,5.098375070372906,0.21888597439401283,Fog,0,casual,e-bike,84.0
150,2025-07-21 16:00:00,16,0,11.360779291676074,10.708906409419896,0.5468158680414738,Clear,0,casual,classic,79.0
151,2025-07-27 17:00:00,17,6,7.399301846976213,14.19917226314642,2.8677781901650166,Fog,1,casual,classic,47.0
152,2025-07-21 23:00:00,23,0,15.242438973276577,23.639331902997142,1.8325288230863905,Clear,0,member,classic,82.0
153,2025-07-06 21:00:00,21,6,12.195044036698977,22.54332345981195,0.3043263648673815,Fog,1,member,classic,76.0
154,2025-07-19 02:00:00,2,5,10.368712404214262,15.56452517477265,0.02489469427520651,Clear,1,member,classic,42.0
155,2025-07-11 23:00:00,23,4,20.462155401677357,21.341323497459786,0.3205829491427948,Cloudy,0,member,classic,58.0
156,2025-07-29 15:00:00,15,1,14.05663297631693,22.919663566507666,2.7847390867486577,Clear,0,member,classic,78.0
157,2025-07-09 20:00:00,20,2,4.279620100154645,17.265633832536512,0.47102568760011926,Fog,0,member,classic,1.0
158,2025-07-19 14:00:00,14,5,17.810242730257777,20.2725160551794,0.9933574095981723,Cloudy,1,member,e-bike,87.0
159,2025-07-20 21:00:00,21,6,13.419515828135825,16.127051449194653,0.7775653627010716,Clear,1,member,e-bike,68.0
160,2025-07-25 05:00:00,5,4,18.77559404157023,24.07450372617342,0.9274330374700943,Clear,0,member,e-bike,83.0
161,2025-07-21 07:00:00,7,0,15.863057686227059,12.090305848637328,2.6958381753217924,Clear,0,casual,classic,110.0
162,2025-07-22 17:00:00,17,1,12.172598516257795,19.855025211402204,0.4631949112699685,Clear,0,member,e-bike,91.0
163,2025-07-01 23:00:00,23,1,12.12905257999032,30.319108577929832,0.9732169757393166,Clear,0,member,classic,34.0
164,2025-07-04 22:00:00,22,4,13.730858563410218,6.450268527810352,0.7905578198138083,Clear,0,member,classic,67.0
165,2025-07-10 05:00:00,5,3,16.428576066596758,24.981896047887055,1.2149059434649196,Cloudy,0,member,classic,76.0
166,2025-07-09 11:00:00,11,2,18.66814760669678,26.945941458009056,1.8216809251306485,Clear,0,member,e-bike,71.0
167,2025-07-26 15:00:00,15,5,8.587578865806544,31.566292924550893,0.38788261576747607,Cloudy,1,member,classic,25.0
168,2025-07-24 16:00:00,16,3,12.657993242227585,45.867731684144744,0.6548263666583081,Windy,0,member,classic,783.0
169,2025-07-16 03:00:00,3,2,22.82834478175342,1.6963172833677918,0.23263568700738213,Clear,0,member,classic,69.0
170,2025-07-06 16:00:00,16,6,9.279368542436556,29.073790374228686,0.037577236843995825,Cloudy,1,member,e-bike,66.0
171,2025-07-28 16:00:00,16,0,9.46933143598344,16.43204469783897,0.5046885260220507,Fog,0,casual,classic,53.0
172,2025-07-24 11:00:00,11,3,19.902154392740073,19.58037464852812,0.43546428031004886,Clear,0,casual,classic,82.0
173,2025-07-23 08:00:00,8,2,24.218641341239323,27.620412348890365,3.9924067986661504,Clear,0,member,classic,69.0
174,2025-07-21 01:00:00,1,0,17.335061888126553,29.504289457069742,2.696986776773588,Cloudy,0,casual,classic,78.0
175,2025-07-29 20:00:00,20,1,8.382936215899475,10.32337434866369,0.3375414266463755,Clear,0,casual,e-bike,35.0
176,2025-07-22 05:00:00,5,1,12.485766887384278,16.614876132501955,0.1376878140910785,Cloudy,0,casual,e-bike,82.0
177,2025-07-04 07:00:00,7,4,13.415323292631225,26.510828784753446,3.6810076197387196,Clear,0,member,e-bike,94.0
178,2025-07-25 04:00:00,4,4,16.060910074610845,37.04412861894853,0.6811613772048137,Clear,0,casual,e-bike,67.0
179,2025-07-30 17:00:00,17,2,3.51448012321279,41.12186604888117,0.2544598804984342,Windy,0,casual,classic,0.0
180,2025-07-28 09:00:00,9,0,19.846787869877364,19.96899484077829,2.216994625766306,Clear,0,member,e-bike,108.0
181,2025-07-18 08:00:00,8,4,23.63682934740843,19.726832255996825,2.2428526346435174,Cloudy,0,member,classic,77.0
182,2025-07-05 02:00:00,2,5,14.606363952240892,40.16924816415069,0.9780509005610132,Windy,1,member,e-bike,76.0
183,2025-07-20 09:00:00,9,6,20.291390747316576,18.148044374443415,0.13737617466956717,Fog,1,member,classic,111.0
184,2025-07-24 11:00:00,11,3,19.831818208410546,12.571542189812437,4.812184338550242,,0,member,e-bike,71.0
185,2025-07-27 16:00:00,16,6,12.019889341618148,2.280755198455642,0.007308230699392236,Cloudy,1,member,classic,88.0
186,2025-07-19 16:00:00,16,5,9.520354487216501,12.60422377340287,2.0323046101211877,Clear,1,member,classic,59.0
187,2025-07-09 01:00:00,1,2,11.793780937170345,12.249345529908977,0.5812883853186672,Clear,0,member,classic,64.0
188,2025-07-18 05:00:00,5,4,17.67520465920446,23.580314266366717,3.709722991122146,Fog,0,member,classic,71.0
189,2025-07-12 23:00:00,23,5,16.949156639050564,23.478032180891375,3.952766943717878,Clear,1,casual,classic,74.0
190,2025-07-19 15:00:00,15,5,1.9570569238412316,21.906379796161595,1.7720362111832244,Fog,1,,classic,1.0
191,2025-07-27 04:00:00,4,6,12.867965807541289,,0.40543594180933673,,1,member,classic,83.0
192,2025-07-22 09:00:00,9,1,24.685724859478277,16.178503836158036,0.028070659689728387,Cloudy,0,member,classic,91.0
193,2025-07-12 01:00:00,1,5,14.606651462223603,24.136285920211886,5.599925364287332,Rain,1,casual,classic,57.0
194,2025-07-26 17:00:00,17,5,12.156573891461562,14.619145050115051,2.850805330217843,Fog,1,member,e-bike,88.0
195,2025-07-31 04:00:00,4,3,25.679935786763682,27.64803492421835,0.7658379673108305,Clear,0,casual,classic,38.0
196,2025-07-15 11:00:00,11,1,21.131092652365215,15.36020593747203,1.9716182873857457,Cloudy,0,member,classic,70.0
197,2025-07-22 04:00:00,4,1,22.22765226325658,27.773562303352186,0.6737951386167298,Clear,0,member,e-bike,62.0
198,2025-07-19 06:00:00,6,5,20.598182085497232,17.023174376433182,0.869787031934401,Clear,1,member,classic,88.0
199,2025-07-14 06:00:00,6,0,16.126491461210346,21.807676053822583,0.8372640471910071,Cloudy,0,casual,e-bike,65.0
200,2025-07-26 18:00:00,18,5,10.382650456161727,17.937135476204805,0.2317137463561802,Clear,1,member,classic,80.0
201,2025-07-14 19:00:00,19,0,9.326840788637611,16.7592981983754,,Cloudy,0,casual,e-bike,66.0
202,2025-07-05 22:00:00,22,5,8.39441705423222,7.861611417202507,,Clear,1,member,e-bike,39.0
203,2025-07-14 06:00:00,6,0,13.764246874951347,36.71362064193226,2.8186653812119693,Clear,0,member,e-bike,59.0
204,2025-07-25 02:00:00,2,4,22.91849367437394,15.181950379909097,1.3534230669088378,Fog,0,member,classic,58.0
205,2025-07-28 07:00:00,7,0,19.706632856422033,31.74735173298278,1.1645800581976657,,0,member,classic,79.0
206,2025-07-09 08:00:00,8,2,14.244698315805106,22.40812871261237,1.3453267016778097,Clear,0,member,e-bike,98.0
207,2025-07-29 07:00:00,7,1,19.21862905121233,204.0,1.1032566269720625,Clear,0,casual,classic,109.0
208,2025-07-04 03:00:00,3,4,17.752033331312916,8.822812307782025,0.2912220666014199,Clear,0,member,classic,86.0
209,2025-07-27 18:00:00,18,6,8.229384641638983,18.479999467329517,0.1491098649230227,Clear,1,member,e-bike,63.0
210,2025-07-17 15:00:00,15,3,14.118012899623128,21.898518089807236,3.041257925601997,Fog,0,casual,classic,67.0
211,2025-07-09 21:00:00,21,2,14.39430338100232,35.1150083048965,1.7537103492872665,Clear,0,member,classic,60.0
212,2025-07-11 17:00:00,17,4,4.381270640586306,32.83096844199721,0.3373322294571426,Cloudy,0,member,classic,2.0
213,2025-07-23 18:00:00,18,2,4.8381961213780365,11.370691172348726,1.6716242783785071,Clear,0,,classic,1.0
214,2025-07-14 16:00:00,16,0,4.096710539667779,,0.23599450186169954,Clear,0,member,classic,3.0
215,2025-07-01 16:00:00,16,1,11.146093803641277,11.023675965885092,1.6110410470536838,Fog,0,member,classic,804.0
216,2025-07-30 05:00:00,5,2,16.863965065985894,17.397253960016993,0.5986895000591758,Clear,0,casual,e-bike,85.0
217,2025-07-13 08:00:00,8,6,18.438362101195644,10.817269528516178,0.009540926425702105,Clear,1,member,classic,120.0
218,2025-07-13 11:00:00,11,6,19.783393268318363,23.895391328796947,0.08791751864699975,Clear,1,member,e-bike,90.0
219,2025-07-13 23:00:00,23,6,7.6864626118848545,15.815692872753605,0.7668311308482489,Clear,1,member,e-bike,30.0
220,2025-07-28 23:00:00,23,0,5.999591518101208,20.730295088677046,0.037800288160972535,Clear,0,member,classic,1.0
221,2025-07-17 23:00:00,23,3,10.56817731726561,25.97166331309717,0.6019642015600546,Fog,0,member,classic,51.0
222,2025-07-09 00:00:00,0,2,9.559188433245922,11.484687381619032,0.4418570986871924,Fog,0,member,e-bike,41.0
223,2025-07-09 08:00:00,8,2,16.607145028652518,162.0,0.1344529793258328,Clear,0,casual,classic,113.0
224,2025-07-13 19:00:00,19,6,4.207809614452399,,0.7348454316859503,Clear,1,member,classic,0.0
225,2025-07-01 16:00:00,16,1,10.852410501763108,7.9585353247667285,0.14792951958128975,Cloudy,0,member,classic,76.0
226,2025-07-06 22:00:00,22,6,12.159156131585487,13.067292728106572,0.2467517241625951,Fog,1,casual,classic,91.0
227,2025-07-12 23:00:00,23,5,15.496493280641577,14.38472241135662,3.1359529746973505,Clear,1,casual,classic,67.0
228,2025-07-16 01:00:00,1,2,13.317787067605952,44.013529571823014,0.7005492711975914,Windy,0,casual,classic,47.0
229,2025-07-25 09:00:00,9,4,19.25812247176726,31.833606170188403,1.3891927570565705,Clear,0,casual,classic,86.0
230,2025-07-27 09:00:00,9,6,,14.68934249456737,4.046695077343868,Rain,1,member,e-bike,97.0
231,2025-07-14 15:00:00,15,0,11.51747896186632,16.136103382229486,0.17773898390523954,Clear,0,member,classic,62.0
232,2025-07-22 21:00:00,21,1,11.549464034483927,27.10418002649677,0.5434083173825673,Fog,0,member,classic,52.0
233,2025-07-20 04:00:00,4,6,21.97289640430625,29.559800850714506,2.243953717929887,Clear,1,member,e-bike,85.0
234,2025-07-10 15:00:00,15,3,5.427709520875445,68.99574267486942,0.1323568171745218,Windy,0,casual,classic,1.0
235,2025-07-29 13:00:00,13,1,19.600325218010227,18.888848266619867,1.2276103030836472,Cloudy,0,member,e-bike,
236,2025-07-10 10:00:00,10,3,15.608095349431988,22.00042428415944,2.142972648368135,Clear,0,casual,e-bike,85.0
237,2025-07-18 20:00:00,20,4,11.604946086137819,19.909161122166857,,Clear,0,member,e-bike,58.0
238,2025-07-06 23:00:00,23,6,2.0516067319265403,20.275706896024648,2.355336377615409,Cloudy,1,casual,classic,1.0
239,2025-07-08 06:00:00,6,1,19.67690685899563,12.04811015759528,1.6152443698752463,Fog,0,casual,classic,75.0
240,2025-07-21 15:00:00,15,0,12.506386702606473,14.987576593443098,0.852799892517354,Clear,0,member,classic,48.0
241,2025-07-14 18:00:00,18,0,3.6901122849859203,23.47139103008661,3.863141501515271,,0,member,classic,1.0
242,2025-07-22 08:00:00,8,1,16.95089800955008,14.236794524078075,0.8432186478747515,Clear,0,member,classic,88.0
243,2025-07-10 05:00:00,5,3,,11.501645651003948,1.6729740131447832,Fog,0,casual,classic,60.0
244,2025-07-18 03:00:00,3,4,24.5024036704575,12.880071123289538,3.4665517562511363,Clear,0,casual,e-bike,41.0
245,2025-07-26 07:00:00,7,5,21.603447847545713,43.981041441349035,0.10687219667274885,Windy,1,member,classic,105.0
246,2025-07-03 02:00:00,2,3,20.989404324685047,34.48779451842855,0.26423506798710084,Clear,0,member,classic,49.0
247,2025-07-26 10:00:00,10,5,9.458960340747637,16.32879122890718,2.970687042806402,Fog,1,casual,classic,33.0
248,2025-07-15 09:00:00,9,1,10.439561992600996,11.928074504390846,3.3638434894133944,Clear,0,member,classic,70.0
249,2025-07-15 07:00:00,7,1,18.225593894788354,16.74930747852356,0.4635461938356547,Clear,0,member,classic,113.0
250,2025-07-17 05:00:00,5,3,23.48387424447442,27.486451043291034,3.919980182001627,,0,casual,classic,40.0
251,2025-07-05 18:00:00,18,5,8.252381200825027,6.804764530758074,0.6840137056044752,Fog,1,member,classic,60.0
252,2025-07-25 03:00:00,3,4,21.99578391584511,20.88130039423795,0.14574390228067513,Clear,0,member,classic,80.0
253,2025-07-11 13:00:00,13,4,,12.216501964116125,0.4645457133502185,Cloudy,0,member,classic,33.0
254,2025-07-01 20:00:00,20,1,5.248828311622222,23.697482980083816,0.5088768004027037,Clear,0,member,e-bike,1.0
255,2025-07-23 13:00:00,13,2,14.405250669184001,7.769112521082935,0.8233294882288789,Clear,0,member,e-bike,76.0
256,2025-07-27 11:00:00,11,6,19.950728741570565,7.447884313637517,0.29046199212586604,Fog,1,casual,classic,105.0
257,2025-07-25 22:00:00,22,4,14.620391689696698,28.62472696601088,0.20587564067637215,,0,member,e-bike,68.0
258,2025-07-11 04:00:00,4,4,19.116058043195178,16.55633319036867,0.36318758462706624,Clear,0,member,classic,83.0
259,2025-07-07 14:00:00,14,0,11.029527855676623,45.0139979063832,2.583490503706825,Windy,0,member,classic,27.0
260,2025-07-06 12:00:00,12,6,9.042897750167628,28.508732750837275,0.08204626684053358,Cloudy,1,casual,classic,45.0
261,2025-07-07 05:00:00,5,0,21.652757802357453,16.244421837748227,0.9448391271033336,,0,casual,classic,77.0
262,2025-07-20 14:00:00,14,6,11.65477935803161,,0.5268973658923968,Clear,1,member,e-bike,47.0
263,2025-07-27 21:00:00,21,6,10.056487617021261,30.4939324960148,0.6900678118807122,Clear,1,member,classic,52.0
264,2025-07-21 20:00:00,20,0,14.627086529733113,10.410923368165612,1.5346337274001864,Clear,0,member,e-bike,68.0
265,2025-07-26 02:00:00,2,5,24.064168082231376,14.496335770197547,4.110815570834549,Rain,1,member,classic,73.0
266,2025-07-10 08:00:00,8,3,23.84063942420662,12.513831554867288,3.5770542890313135,Clear,0,member,classic,74.0
267,2025-07-22 18:00:00,18,1,0.0735849004921878,38.47734932608132,1.6603179842673823,Clear,0,casual,classic,0.0
268,2025-07-07 11:00:00,11,0,10.876921382617104,11.33687769172906,0.28638190030018584,Fog,0,member,classic,51.0
269,2025-07-23 22:00:00,22,2,6.121831626235787,27.498219221745444,0.26949671291633925,Cloudy,0,,e-bike,3.0
270,2025-07-18 21:00:00,21,4,14.679626288349956,14.18404316994905,0.3867709386208872,Clear,0,member,e-bike,89.0
271,2025-07-17 07:00:00,7,3,21.471181397880517,15.713588159920274,-1.6575472010021115,Fog,0,member,e-bike,96.0
272,2025-07-05 16:00:00,16,5,1.9220783336951452,28.710183076007066,0.5264993717168418,Cloudy,1,casual,classic,3.0
273,2025-07-20 16:00:00,16,6,12.542512908387936,38.116062805285964,0.3634503906786449,Fog,1,casual,e-bike,80.0
274,2025-07-26 21:00:00,21,5,7.619763181344332,18.42087697189012,0.6730374619384834,Clear,1,casual,classic,21.0
275,2025-07-16 05:00:00,5,2,20.71484231049449,19.341812130127135,0.018016827913086182,Cloudy,0,member,classic,74.0
276,2025-07-18 17:00:00,17,4,10.09168308229237,11.873705406531647,1.1205971979911655,Clear,0,member,e-bike,74.0
277,2025-07-25 00:00:00,0,4,11.78211877162871,29.72664108374582,0.756900725909147,Clear,0,member,e-bike,47.0
278,2025-07-21 14:00:00,14,0,17.145711967343335,16.87359790967454,3.056966927750094,Fog,0,casual,classic,71.0
279,2025-07-19 10:00:00,10,5,25.7030463056843,23.772877949551518,0.5418012530550056,Clear,1,casual,e-bike,59.0
280,2025-07-08 11:00:00,11,1,18.78388378279244,26.918337744046546,0.03483359526901065,Fog,0,member,classic,104.0
281,2025-07-22 12:00:00,12,1,17.141805879178513,7.137364218950383,1.5409762266140077,Cloudy,0,member,classic,79.0
282,2025-07-03 11:00:00,11,3,23.269777879837307,20.606090036133008,1.1225658665658764,Clear,0,member,e-bike,70.0
283,2025-07-15 00:00:00,0,1,12.888505773229378,36.66618318120496,,Clear,0,member,classic,50.0
284,2025-07-21 21:00:00,21,0,4.2980701938127,22.156307886839315,3.13490929354715,Fog,0,casual,classic,0.0
285,2025-07-04 17:00:00,17,4,11.910711890617938,23.519562783524183,0.8841788441287551,Clear,0,casual,classic,81.0
286,2025-07-15 20:00:00,20,1,11.302110073446364,29.039541365152253,0.3650773746650268,Fog,0,member,e-bike,50.0
287,2025-07-25 13:00:00,13,4,11.560621522240131,13.48660406167918,2.811654429870855,Cloudy,0,casual,classic,47.0
288,2025-07-02 21:00:00,21,2,13.968807009683733,16.255810222821616,0.7495868623594322,Fog,0,casual,classic,79.0
289,2025-07-22 03:00:00,3,1,8.458457293938917,24.40424795215591,1.5747338467402814,Cloudy,0,casual,e-bike,25.0
290,2025-07-15 04:00:00,4,1,17.00468879255807,16.633013059862193,0.7563606106391897,Clear,0,member,classic,86.0
291,2025-07-02 11:00:00,11,2,14.818323895498681,27.93349984640247,0.5615087283947348,Clear,0,member,classic,67.0
292,2025-07-02 01:00:00,1,2,14.14366789922392,6.387255937278368,0.032375195078317966,Clear,0,member,classic,74.0
293,2025-07-13 11:00:00,11,6,10.682441369108687,25.387991897029423,1.9319828952072837,Clear,1,casual,e-bike,49.0
294,2025-07-01 07:00:00,7,1,17.77653736648835,31.925235544212537,1.4511575218941912,Fog,0,member,e-bike,77.0
295,2025-07-06 19:00:00,19,6,11.83659496079989,12.889454998333276,0.1436983268236422,Clear,1,member,e-bike,117.0
296,2025-07-16 07:00:00,7,2,20.851462899125213,52.264304134911825,0.8300886226182445,Windy,0,casual,classic,72.0
297,2025-07-04 15:00:00,15,4,10.92307912416407,31.33564102135621,1.2837711158669183,Fog,0,member,e-bike,46.0
298,2025-07-29 09:00:00,9,1,23.51086227076445,15.85570684283538,0.7887436879528785,Cloudy,0,member,classic,87.0
299,2025-07-25 19:00:00,19,4,7.867481826639779,10.732747919206497,2.9789338173257938,Clear,0,member,classic,38.0
300,2025-07-02 07:00:00,7,2,26.84042852204416,20.79870054080928,1.529479231471466,Cloudy,0,casual,e-bike,57.0
301,2025-07-26 15:00:00,15,5,18.660201846011002,20.29704286146973,0.11761804805560122,Clear,1,casual,classic,104.0
302,2025-07-27 11:00:00,11,6,14.829630404246393,20.13116658863552,2.397831639381739,Fog,1,member,classic,87.0
303,2025-07-21 03:00:00,3,0,20.021388833582343,18.084945792803634,0.8628817790884816,Clear,0,casual,classic,90.0
304,2025-07-20 04:00:00,4,6,20.716159477334063,17.01170336001237,2.67990788522696,Clear,1,casual,e-bike,71.0
305,2025-07-19 16:00:00,16,5,7.305691951239452,18.48734068053978,2.1956060540912166,Cloudy,1,member,e-bike,44.0
306,2025-07-18 11:00:00,11,4,20.188759113190766,5.323451908036664,3.038862340540809,Fog,0,member,classic,62.0
307,2025-07-25 23:00:00,23,4,,34.88381757278755,3.572790996398513,Cloudy,0,member,classic,31.0
308,2025-07-18 03:00:00,3,4,24.111601518108277,15.509811177561094,,Clear,0,member,e-bike,55.0
309,2025-07-07 06:00:00,6,0,20.95822777706549,30.10630885316196,1.5802819873034601,Clear,0,casual,classic,69.0
310,2025-07-13 04:00:00,4,6,18.994338645690583,41.188789192437525,0.8095468234028558,Windy,1,casual,classic,59.0
311,2025-07-19 13:00:00,13,5,11.888356867493812,12.214112181458447,5.359758255162352,Rain,1,member,classic,49.0
312,2025-07-20 14:00:00,14,6,7.857834718764876,30.811435189159184,0.7925516017872832,Clear,1,member,e-bike,31.0
313,2025-07-07 20:00:00,20,0,,18.491859102912613,1.4450312844871729,Clear,0,member,classic,30.0
314,2025-07-01 18:00:00,18,1,8.493466234726041,35.870989232199605,2.087865401903486,Fog,0,member,classic,41.0
315,2025-07-26 08:00:00,8,5,12.295425125458706,31.743006762921095,0.32570973569832423,Clear,1,member,e-bike,86.0
316,2025-07-20 17:00:00,17,6,6.641471357197795,23.98915074068514,1.3604809588865727,Fog,1,member,classic,51.0
317,2025-07-17 22:00:00,22,3,9.155331319267964,15.632001690144206,0.8716343868126142,Clear,0,casual,e-bike,26.0
318,2025-07-05 02:00:00,2,5,13.627190447718155,20.107474871119283,2.053421795476419,Clear,1,casual,classic,66.0
319,2025-07-24 04:00:00,4,3,12.419377426719526,9.176071727423844,,Clear,0,member,classic,63.0
320,2025-07-16 00:00:00,0,2,10.665222849280777,17.226486517645665,1.9137584347343806,Fog,0,member,e-bike,43.0
321,2025-07-22 21:00:00,21,1,13.940576622148157,27.966894657371707,,Clear,0,member,classic,68.0
322,2025-07-27 00:00:00,0,6,18.583305304423593,8.843713769778983,0.6563281553554228,Cloudy,1,member,classic,105.0
323,2025-07-08 03:00:00,3,1,30.399228864800104,13.968466040780946,0.13916366345330167,Fog,0,member,classic,3.0
324,2025-07-01 20:00:00,20,1,6.844397289384251,43.23367768318957,0.31602607681863587,Windy,0,member,e-bike,1.0
325,2025-07-27 07:00:00,7,6,21.375806835713064,16.111879983701936,0.19115506120663062,Clear,1,casual,classic,103.0
326,2025-07-27 22:00:00,22,6,13.318812456405784,19.17345477064472,1.9824907250904673,Clear,1,member,classic,66.0
327,2025-07-21 06:00:00,6,0,,10.461871931729407,0.9364119942521689,Clear,0,member,classic,83.0
328,2025-07-28 00:00:00,0,0,,30.229388268961316,1.6023038180179925,Cloudy,0,member,classic,28.0
329,2025-07-02 19:00:00,19,2,-1.8496185461271395,27.998828342103526,1.6350856031148475,Clear,0,member,e-bike,1.0
330,2025-07-03 20:00:00,20,3,8.56434364761632,,0.39519227896679937,Cloudy,0,member,classic,42.0
331,2025-07-19 19:00:00,19,5,4.787385465851263,6.186579096396482,1.120818493447615,Clear,1,member,classic,16.0
332,2025-07-23 04:00:00,4,2,14.303288966388124,22.585790088949796,1.012204243534606,Clear,0,casual,classic,85.0
333,2025-07-03 19:00:00,19,3,6.141060786804093,8.833264729497598,0.8081924037014608,Clear,0,casual,e-bike,17.0
334,2025-07-16 07:00:00,7,2,14.486986812411388,35.561839465158684,0.08261377201890563,Clear,0,member,e-bike,100.0
335,2025-07-04 15:00:00,15,4,9.795354925571672,17.027217925632186,0.5341167317471568,Fog,0,member,classic,42.0
336,2025-07-24 03:00:00,3,3,16.505568461339855,,1.3481047402419528,Fog,0,member,classic,89.0
337,2025-07-10 12:00:00,12,3,4.7094583057239205,220.0,0.22997075291261274,Clear,0,member,classic,1.0
338,2025-07-18 01:00:00,1,4,12.835242072047325,10.76873731480611,0.06747303117831902,Clear,0,member,classic,81.0
339,2025-07-19 16:00:00,16,5,16.39911796661628,17.040034698496324,0.5652329029686829,Fog,1,member,classic,123.0
340,2025-07-01 12:00:00,12,1,11.332444614322661,9.328516909063941,0.09295294463013386,Cloudy,0,casual,e-bike,60.0
341,2025-07-25 13:00:00,13,4,10.24194632992332,17.711670028289838,1.780472834999278,Cloudy,0,casual,e-bike,41.0
342,2025-07-11 07:00:00,7,4,12.718337191097964,30.01909603581059,2.162640145443478,Clear,0,casual,e-bike,82.0
343,2025-07-10 14:00:00,14,3,11.968720347158463,15.8351831522513,1.552832798908112,Cloudy,0,member,e-bike,54.0
344,2025-07-24 17:00:00,17,3,12.709895711362208,23.706338463192203,0.47024005709395034,Clear,0,member,e-bike,102.0
345,2025-07-12 01:00:00,1,5,20.102368688600656,20.168964565216186,2.493468466072621,Fog,1,casual,e-bike,75.0
346,2025-07-06 14:00:00,14,6,11.110382104290998,28.351855690135586,0.04755446085518814,Clear,1,casual,classic,63.0
347,2025-07-05 14:00:00,14,5,14.92696388913747,9.328731571364763,0.48074691913476697,Fog,1,member,e-bike,99.0
348,2025-07-27 20:00:00,20,6,7.890485190315254,4.662273507192395,0.1929320167029263,Clear,1,member,classic,34.0
349,2025-07-06 12:00:00,12,6,21.35143611519158,10.295079761452332,1.7755333915744977,Clear,1,member,classic,99.0
350,2025-07-15 03:00:00,3,1,19.107955256477485,15.399507126970262,2.525129087751927,Fog,0,casual,e-bike,61.0
351,2025-07-26 12:00:00,12,5,14.879561476841875,8.733967963197589,1.2244219393726667,Clear,1,casual,classic,77.0
352,2025-07-08 03:00:00,3,1,20.323109822381376,19.694651718943742,1.7692598062395934,Fog,0,member,e-bike,71.0
353,2025-07-27 07:00:00,7,6,13.256016886276877,14.526158819076674,0.45631618720357126,Clear,1,member,classic,100.0
354,2025-07-24 18:00:00,18,3,5.175011640954695,19.071197749903884,,Clear,0,member,e-bike,15.0
355,2025-07-21 19:00:00,19,0,6.511624407831885,41.66467720526847,0.6780520599372929,Windy,0,casual,classic,6.0
356,2025-07-10 14:00:00,14,3,12.84432990660056,21.196251552006082,0.28924721570362383,Clear,0,casual,classic,65.0
357,2025-07-23 04:00:00,4,2,17.31523000521097,6.945082120528814,2.284965302444762,Clear,0,member,classic,68.0
358,2025-07-22 16:00:00,16,1,14.705212285864274,23.083097330096386,0.9284489684233473,Clear,0,member,e-bike,107.0
359,2025-07-16 12:00:00,12,2,14.815174125715021,28.143920501487138,0.042934089265953504,Clear,0,member,classic,67.0
360,2025-07-11 04:00:00,4,4,21.925518764116667,14.78159327241137,0.3777283706328118,Cloudy,0,member,classic,73.0
361,2025-07-29 06:00:00,6,1,24.847893502970585,14.593089866012477,,Clear,0,member,e-bike,50.0
362,2025-07-16 23:00:00,23,2,11.73964151042093,9.82157731012556,0.19660167597287437,Clear,0,member,e-bike,70.0
363,2025-07-13 06:00:00,6,6,26.782743676256832,19.279206934006204,1.104265505857691,Clear,1,member,classic,40.0
364,2025-07-18 12:00:00,12,4,9.029149253869655,9.130213345009338,0.07407801215270512,Clear,0,casual,e-bike,35.0
365,2025-07-10 23:00:00,23,3,16.99125423145035,7.602437248906408,0.003417669338492657,Clear,0,member,classic,80.0
366,2025-07-10 09:00:00,9,3,19.433270269054375,10.672058468040087,2.3517639722808417,Clear,0,casual,classic,100.0
367,2025-07-11 13:00:00,13,4,11.221582496430953,33.53985055466114,0.411020867113713,Clear,0,member,classic,40.0
368,2025-07-05 16:00:00,16,5,3.245720347042278,7.329765728392022,1.529606704586677,Clear,1,member,classic,0.0
369,2025-07-05 21:00:00,21,5,11.132712563002803,14.501724709245064,1.4291212771033814,,1,member,e-bike,59.0
370,2025-07-23 11:00:00,11,2,17.860317039851882,12.761232591331645,0.6629194782946805,Cloudy,0,member,classic,96.0
371,2025-07-07 20:00:00,20,0,15.110968898422573,9.037522394105036,0.9210804253756493,Clear,0,member,e-bike,77.0
372,2025-07-30 09:00:00,9,2,21.3763139339178,30.649600501626487,0.6103641569016142,Cloudy,0,member,classic,117.0
373,2025-07-04 04:00:00,4,4,16.784545112643556,25.524534926773896,0.16118298324197203,Clear,0,member,classic,84.0
374,2025-07-17 13:00:00,13,3,5.759924065377966,27.404407859673018,2.249635666940218,Clear,0,member,e-bike,3.0
375,2025-07-25 19:00:00,19,4,10.398113659162096,10.348548602481056,1.279516416355592,Clear,0,member,classic,53.0
376,2025-07-09 03:00:00,3,2,17.36013268815733,48.61938133191151,0.3213853356246422,Windy,0,member,classic,50.0
377,2025-07-11 14:00:00,14,4,13.059154381665552,28.801410204986205,3.9302024243300626,Clear,0,casual,e-bike,58.0
378,2025-07-10 06:00:00,6,3,21.287604913276994,15.602422033049585,0.20805777354607333,Fog,0,member,classic,80.0
379,2025-07-10 13:00:00,13,3,12.514621493394428,35.936281123110234,1.3398445212421353,Clear,0,member,classic,45.0
380,2025-07-02 09:00:00,9,2,13.181008864640328,20.69627730798929,0.1200717080215746,Clear,0,member,classic,89.0
381,2025-07-14 15:00:00,15,0,7.874548925313786,14.289995060743841,1.7510432170962766,Cloudy,0,member,classic,11.0
382,2025-07-01 22:00:00,22,1,11.882220688597505,12.18092133778292,0.26895679882360757,,0,member,classic,57.0
383,2025-07-21 00:00:00,0,0,11.721982983923603,12.4003472188686,0.10962674728839629,Clear,0,casual,classic,56.0
384,2025-07-06 21:00:00,21,6,11.810453637059467,17.50322840389473,0.4220612739368293,Cloudy,1,casual,e-bike,54.0
385,2025-07-13 11:00:00,11,6,20.04747172710491,8.672599796968207,0.09418973007021919,Cloudy,1,member,classic,97.0
386,2025-07-18 01:00:00,1,4,10.686328590853993,14.462441310763337,1.9578615202675305,Clear,0,casual,e-bike,49.0
387,2025-07-09 05:00:00,5,2,21.321128401782055,15.156196717436618,1.8586029016974577,,0,casual,e-bike,67.0
388,2025-07-18 02:00:00,2,4,13.28102769487132,4.9815699947213945,2.72675953169253,Clear,0,member,classic,59.0
389,2025-07-04 23:00:00,23,4,16.129038062569784,12.997903747976213,2.6383531389698045,Clear,0,member,e-bike,69.0
390,2025-07-13 04:00:00,4,6,15.942022863376373,33.230855188843655,2.098576892651518,Cloudy,1,member,e-bike,54.0
391,2025-07-10 01:00:00,1,3,19.51350057086979,8.942806285563798,0.46296533042507193,Clear,0,member,e-bike,88.0
392,2025-07-05 23:00:00,23,5,11.749591149165772,23.81290902286713,2.1951245010398117,Fog,1,member,classic,58.0
393,2025-07-17 20:00:00,20,3,-0.7500095615402511,22.146255772282753,0.4848204588320954,Clear,0,member,classic,0.0
394,2025-07-30 06:00:00,6,2,28.13152341271335,8.725919452361548,0.13672535426939392,Fog,0,member,classic,27.0
395,2025-07-11 22:00:00,22,4,14.098454066534478,13.866668937046619,2.2331805401703915,Clear,0,member,classic,66.0
396,2025-07-04 23:00:00,23,4,14.004143483908669,6.590335230299861,0.53806382382657,Cloudy,0,member,e-bike,64.0
397,2025-07-25 07:00:00,7,4,22.686823274835366,10.554887825548336,0.5294511561114662,Cloudy,0,member,classic,92.0
398,2025-07-12 19:00:00,19,5,8.207693993900222,4.524036571144528,1.3309289259684436,Fog,1,casual,classic,66.0
399,2025-07-23 18:00:00,18,2,8.628255170954011,33.96226127046809,0.4843667617642653,Clear,0,member,classic,52.0
400,2025-07-01 14:00:00,14,1,12.589378295523327,13.387878200535535,0.430498433484332,Clear,0,member,e-bike,64.0
401,2025-07-02 02:00:00,2,2,15.29887734573445,19.360859641495928,0.667781303013171,Cloudy,0,member,classic,84.0
402,2025-07-19 12:00:00,12,5,18.884451715357926,28.50143390754959,1.0398675959312655,Cloudy,1,member,classic,72.0
403,2025-07-26 13:00:00,13,5,17.727952463104938,20.012018662942268,0.301396068578377,Clear,1,casual,e-bike,89.0
404,2025-07-27 04:00:00,4,6,18.932979363625982,20.110870219994865,2.2975984643128293,Clear,1,casual,classic,96.0
405,2025-07-24 05:00:00,5,3,21.644308335428118,19.701227656704337,4.156396069529587,Rain,0,member,classic,60.0
406,2025-07-12 23:00:00,23,5,9.78498769993126,151.0,0.48072922741148344,Cloudy,1,member,e-bike,48.0
407,2025-07-29 21:00:00,21,1,14.161270429404224,44.27943452872032,1.0319195476735772,Windy,0,casual,classic,51.0
408,2025-07-06 11:00:00,11,6,7.28769571427142,19.484680207063505,4.341861044192425,Rain,1,member,classic,10.0
409,2025-07-31 02:00:00,2,3,12.996289304520023,,2.133891215495577,Cloudy,0,casual,e-bike,61.0
410,2025-07-10 13:00:00,13,3,9.824083117031865,15.815173553223287,1.3565958625328414,Clear,0,member,classic,36.0
411,2025-07-23 22:00:00,22,2,9.826464085515171,17.34185603775136,0.36033241875665184,Clear,0,member,classic,924.0
412,2025-07-13 15:00:00,15,6,17.570014718652896,23.380635332959592,0.9925589068446004,Cloudy,1,member,e-bike,96.0
413,2025-07-10 23:00:00,23,3,6.976261059722156,13.978359146351627,0.08609570644131966,Clear,0,casual,classic,11.0
414,2025-07-04 10:00:00,10,4,17.553165325767463,5.966249764068435,0.25595091189486624,Clear,0,member,e-bike,83.0
415,2025-07-22 17:00:00,17,1,11.386866671242824,29.567890464249974,0.012599695698645906,Cloudy,0,member,classic,76.0
416,2025-07-30 13:00:00,13,2,9.736780987870626,9.086963948509009,2.398818442915641,Cloudy,0,member,classic,32.0
417,2025-07-09 11:00:00,11,2,18.750204646334826,17.942610961539412,0.3860001678028711,Clear,0,member,e-bike,73.0
418,2025-07-19 08:00:00,8,5,17.03515102540775,26.466133013029417,0.3120148621715304,Clear,1,member,classic,126.0
419,2025-07-20 00:00:00,0,6,14.773715641462557,25.0483323625894,2.822414094579171,Clear,1,member,e-bike,77.0
420,2025-07-10 21:00:00,21,3,2.227786678801535,32.35786254102803,0.7807410079027298,Clear,0,casual,classic,2.0
421,2025-07-20 17:00:00,17,6,5.563062560474024,23.00818065813715,0.4261798260195603,Clear,1,casual,classic,29.0
422,2025-07-17 23:00:00,23,3,9.516011885464398,13.842342223806552,0.06381201046620721,Clear,0,member,e-bike,42.0
423,2025-07-29 03:00:00,3,1,26.198935691079733,29.10343304681096,0.029091131526140724,Clear,0,casual,e-bike,44.0
424,2025-07-09 15:00:00,15,2,23.134644162769334,16.5360676512787,0.025126497842161716,Clear,0,member,e-bike,51.0
425,2025-07-08 17:00:00,17,1,7.056076756233985,14.35199244893427,1.1618979218679988,Clear,0,member,e-bike,27.0
426,2025-07-13 20:00:00,20,6,10.28424706396329,21.574827620201056,2.4553778441382064,Clear,1,member,e-bike,55.0
427,2025-07-17 08:00:00,8,3,,54.07223506584227,1.2770300345612473,Windy,0,casual,classic,0.0
428,2025-07-03 07:00:00,7,3,14.55230429861726,20.295423217360074,0.6744160736681102,Cloudy,0,member,e-bike,114.0
429,2025-07-16 23:00:00,23,2,6.782904003506053,11.531705490660206,1.4072024558906584,Fog,0,member,classic,1.0
430,2025-07-22 11:00:00,11,1,17.55272982283678,,0.7747118122020564,Cloudy,0,member,classic,92.0
431,2025-07-22 22:00:00,22,1,7.5818766594098195,24.184783091836586,0.144594961208384,Clear,0,casual,classic,25.0
432,2025-07-21 22:00:00,22,0,15.155734905563513,,0.6011482368293127,Fog,0,member,classic,77.0
433,2025-07-18 00:00:00,0,4,16.901934477896503,16.360962973237868,0.3485592467752507,Clear,0,casual,classic,79.0
434,2025-07-18 17:00:00,17,4,6.322015871634761,10.289478907824387,0.6144120512663794,Clear,0,member,e-bike,20.0
435,2025-07-15 17:00:00,17,1,4.944485752223894,17.66981896897699,1.953405986763878,Cloudy,0,casual,e-bike,1.0
436,2025-07-11 00:00:00,0,4,13.159516409219142,13.408116846510868,0.8555089772291666,Clear,0,casual,e-bike,60.0
437,2025-07-27 08:00:00,8,6,27.134221527580028,50.989034965515145,0.2918561031952739,Windy,1,member,e-bike,37.0
438,2025-07-04 05:00:00,5,4,17.31259449709297,26.113117752773242,0.9005761919360296,Cloudy,0,member,e-bike,89.0
439,2025-07-05 15:00:00,15,5,1.2283937635123756,15.653105075727481,-0.8974226458388691,Clear,1,member,e-bike,0.0
440,2025-07-21 21:00:00,21,0,9.383728594855032,11.85556329403493,0.7975098803201708,Cloudy,0,casual,e-bike,39.0
441,2025-07-25 13:00:00,13,4,13.150134169855942,18.646263397367903,0.5466477258833298,Clear,0,member,classic,69.0
442,2025-07-25 23:00:00,23,4,13.432217626820863,13.125278122080644,1.0424754167563564,Fog,0,casual,classic,68.0
443,2025-07-28 18:00:00,18,0,4.539892866019675,10.412291953706017,0.23347961672236892,Clear,0,member,classic,0.0
444,2025-07-21 19:00:00,19,0,,15.324896349865858,0.9956035613390051,Clear,0,member,e-bike,58.0
445,2025-07-28 10:00:00,10,0,14.895894541501498,10.855384505345134,0.10622894260973449,Clear,0,member,classic,74.0
446,2025-07-25 03:00:00,3,4,25.8135158631803,8.524114602424355,1.3856250885248251,Fog,0,member,e-bike,42.0
447,2025-07-13 13:00:00,13,6,10.346256282208982,11.14715127333361,0.17284726283321558,Cloudy,1,casual,classic,56.0
448,2025-07-31 05:00:00,5,3,18.415244741616387,18.648821285764495,3.5971610315675338,Clear,0,member,classic,65.0
449,2025-07-13 13:00:00,13,6,17.048499110918222,5.762180350068629,2.007548569239962,Cloudy,1,member,classic,76.0
450,2025-07-06 12:00:00,12,6,8.894894476280687,30.193914221446803,0.6874333656007987,Cloudy,1,member,classic,29.0
451,2025-07-12 06:00:00,6,5,21.381948009046795,31.236757232156123,0.191643348917451,Clear,1,member,e-bike,84.0
452,2025-07-18 08:00:00,8,4,19.01951363794318,27.151006345669224,3.2199521112736087,Fog,0,casual,classic,104.0
453,2025-07-12 00:00:00,0,5,10.444169255189188,29.405801187818987,0.8009360156745403,Clear,1,casual,classic,49.0
454,2025-07-08 18:00:00,18,1,3.2858345198954613,29.23578000740116,0.02592427394621454,Clear,0,member,classic,1.0
455,2025-07-13 13:00:00,13,6,15.757400753719281,24.158737657511992,,Cloudy,1,casual,classic,641.0
456,2025-07-08 17:00:00,17,1,11.686993515458832,29.38172763894624,0.8461186396613792,Clear,0,member,classic,74.0
457,2025-07-09 19:00:00,19,2,9.441670051097185,16.513841280928872,0.721741471277184,Cloudy,0,casual,classic,55.0
458,2025-07-09 13:00:00,13,2,6.365499375670772,22.933640334214278,2.382814865275291,Cloudy,0,,classic,0.0
459,2025-07-02 11:00:00,11,2,17.530931636562805,24.481210683016293,2.4488468582764606,Fog,0,casual,classic,70.0
460,2025-07-02 06:00:00,6,2,16.990402197491544,17.775035764016632,3.6585848882416774,Clear,0,member,classic,80.0
461,2025-07-02 20:00:00,20,2,11.756602940396467,24.053880600413102,0.7733075485690913,Clear,0,casual,classic,64.0
462,2025-07-31 05:00:00,5,3,20.304119708127487,25.805603461866472,3.7736537539690738,Clear,0,casual,e-bike,57.0
463,2025-07-15 00:00:00,0,1,16.320509915407563,9.30765307307448,0.43933568786276717,Clear,0,casual,classic,81.0
464,2025-07-07 14:00:00,14,0,15.537041915925005,27.890346572506807,0.07604924925514192,Fog,0,casual,classic,77.0
465,2025-07-02 14:00:00,14,2,13.623527456803961,26.322783731854233,0.9294362939471557,Clear,0,member,classic,58.0
466,2025-07-22 10:00:00,10,1,16.352202874977156,13.894785886432608,0.3007434418147114,Clear,0,casual,e-bike,94.0
467,2025-07-06 01:00:00,1,6,23.52830853006491,16.33284683850795,3.7662059159703443,Clear,1,member,e-bike,65.0
468,2025-07-19 08:00:00,8,5,22.54523123634222,18.713484329582318,0.7680022791375856,Cloudy,1,member,classic,100.0
469,2025-07-27 05:00:00,5,6,20.471256170471886,6.245278339249884,0.25811109374742053,Cloudy,1,member,classic,84.0
470,2025-07-08 17:00:00,17,1,,45.362791560383556,-0.2477194781897304,Windy,0,casual,classic,1.0
471,2025-07-19 09:00:00,9,5,14.921462929982164,13.386844082393146,0.2624500937622186,Cloudy,1,member,classic,97.0
472,2025-07-30 23:00:00,23,2,19.43988565233221,24.681624381254863,0.10724780436852151,Fog,0,member,classic,92.0
473,2025-07-27 07:00:00,7,6,20.398193298435146,28.459672710715942,0.581007173940645,Clear,1,casual,classic,120.0
474,2025-07-25 14:00:00,14,4,8.432371896201921,15.971180015952468,0.5106789608831217,Clear,0,member,classic,25.0
475,2025-07-01 06:00:00,6,1,19.046869018854245,14.27737448928503,0.67939140277631,Clear,0,member,classic,75.0
476,2025-07-10 15:00:00,15,3,12.69991234494143,16.191842902831098,1.1791612893184866,Clear,0,member,classic,79.0
477,2025-07-02 12:00:00,12,2,18.56611762160648,21.235201971430307,0.856545638932776,Clear,0,member,classic,84.0
478,2025-07-02 05:00:00,5,2,18.165571834086304,17.856283922608785,0.7859428769671044,Cloudy,0,member,classic,67.0
479,2025-07-23 08:00:00,8,2,23.055129461791097,27.85770889761713,2.334200589056558,Clear,0,member,classic,84.0
480,2025-07-03 18:00:00,18,3,9.395662300049375,37.045735440126975,,Fog,0,member,classic,59.0
481,2025-07-05 21:00:00,21,5,11.601829223871116,19.038585843306702,0.469462800883061,Cloudy,1,member,classic,66.0
482,2025-07-19 17:00:00,17,5,2.849512152637823,10.071942067791626,1.2146823071215154,Clear,1,,classic,0.0
483,2025-07-27 17:00:00,17,6,13.45868961564259,9.4026569233604,0.13611479877208302,Fog,1,casual,e-bike,97.0
484,2025-07-20 18:00:00,18,6,6.500292030846414,17.04384917114587,1.9597743976831203,Fog,1,member,classic,33.0
485,2025-07-23 09:00:00,9,2,7.800279161634306,23.344689487231037,2.012288514027558,Clear,0,casual,e-bike,33.0
486,2025-07-06 02:00:00,2,6,14.517351331660556,43.26532574991437,0.39500967995857234,Windy,1,member,classic,59.0
487,2025-07-07 15:00:00,15,0,9.863440647764222,28.66892652799912,0.37147553244070025,Cloudy,0,casual,e-bike,47.0
488,2025-07-06 12:00:00,12,6,0.9729281315254763,13.03152381831552,0.28153865156751057,Fog,1,,classic,4.0
489,2025-07-22 20:00:00,20,1,17.407983618230013,6.5946018076383535,0.45486243242295044,Cloudy,0,member,e-bike,63.0
490,2025-07-20 00:00:00,0,6,13.101035631792737,17.315634455773075,1.1447394166161788,Clear,1,member,e-bike,70.0
491,2025-07-14 05:00:00,5,0,19.031173287136646,15.189391367729527,0.7247480347853178,Clear,0,casual,classic,92.0
492,2025-07-04 05:00:00,5,4,,19.156022741014535,0.36423938434761366,Cloudy,0,member,classic,88.0
493,2025-07-22 02:00:00,2,1,15.837544046021382,24.095903316393596,4.912541204868588,Rain,0,casual,classic,54.0
494,2025-07-05 03:00:00,3,5,21.054515210996776,23.504832811616883,0.6147158036784988,Fog,1,casual,classic,1131.0
495,2025-07-23 00:00:00,0,2,11.3657165124383,16.38493410418887,0.4467077862645942,Cloudy,0,member,e-bike,48.0
496,2025-07-20 05:00:00,5,6,18.14464875619256,6.280777228838835,3.26283425246279,Fog,1,member,classic,91.0
497,2025-07-11 14:00:00,14,4,8.944451912780877,21.339683332119183,1.5826875601575539,Cloudy,0,member,e-bike,26.0
498,2025-07-21 10:00:00,10,0,19.64865710799595,16.643448293002308,0.08005455228470558,Fog,0,member,e-bike,79.0
499,2025-07-17 22:00:00,22,3,8.565074985782562,10.009184659518688,,Clear,0,member,e-bike,27.0
500,2025-07-25 13:00:00,13,4,15.070395297061427,21.234925309778347,1.8514465132040316,Fog,0,member,e-bike,65.0
501,2025-07-08 12:00:00,12,1,22.088244883895143,17.421745692608408,0.6424784554098278,Clear,0,member,classic,80.0
502,2025-07-09 05:00:00,5,2,22.185240100676594,29.543113163495363,0.12821093134559447,Clear,0,member,classic,68.0
503,2025-07-18 11:00:00,11,4,14.455079649980338,37.02107074763406,0.4783847916328961,Cloudy,0,member,classic,58.0
504,2025-07-24 08:00:00,8,3,16.49963772179251,19.226231711478064,1.2132572191113238,Cloudy,0,member,classic,114.0
505,2025-07-11 00:00:00,0,4,12.583162473633282,3.595582567959743,1.1931130152793505,Cloudy,0,member,classic,58.0
506,2025-07-23 05:00:00,5,2,23.341246075964847,10.469721671993856,0.23583321521187947,Cloudy,0,member,e-bike,65.0
507,2025-07-06 04:00:00,4,6,25.344738348906407,34.53406363685089,1.6509361139793515,Fog,1,member,classic,55.0
508,2025-07-12 01:00:00,1,5,15.553021748909567,16.11072891440944,0.58804653272906,Cloudy,1,member,classic,87.0
509,2025-07-15 10:00:00,10,1,15.786571895440526,15.936217175229231,1.6344752096409563,Clear,0,casual,classic,80.0
510,2025-07-03 07:00:00,7,3,17.471552606160948,9.524043484496259,1.2079372341176917,Clear,0,member,e-bike,100.0
511,2025-07-23 23:00:00,23,2,16.006463384098044,34.02718456201452,0.09385420681110158,Cloudy,0,member,e-bike,66.0
512,2025-07-13 08:00:00,8,6,19.185479376909015,29.721087949457107,0.20281746336113599,Clear,1,member,e-bike,113.0
513,2025-07-03 21:00:00,21,3,15.819338252684002,17.641013005442872,1.6342017949456311,Clear,0,member,e-bike,80.0
514,2025-07-12 10:00:00,10,5,25.23453995076079,12.470110195460236,0.13439820438317726,Cloudy,1,member,e-bike,73.0
515,2025-07-23 16:00:00,16,2,6.53064847499869,12.836446306129767,0.27022813978757676,Clear,0,member,classic,19.0
516,2025-07-20 05:00:00,5,6,25.854310154410932,12.586235522764358,2.379500157000565,Clear,1,member,classic,50.0
517,2025-07-11 19:00:00,19,4,9.934193386580294,22.918667083881314,3.986123870767022,Cloudy,0,member,e-bike,59.0
518,2025-07-28 13:00:00,13,0,17.26433893254084,8.674379960899682,0.2825447541020318,Clear,0,member,e-bike,85.0
519,2025-07-11 00:00:00,0,4,9.712536251410837,22.09004929943906,0.28718731291588595,Clear,0,member,classic,47.0
520,2025-07-08 18:00:00,18,1,8.830877601207288,22.399499308909864,0.7821907232792576,Clear,0,member,e-bike,71.0
521,2025-07-24 11:00:00,11,3,11.139256660684705,15.273237543998965,0.2299306769244949,Clear,0,member,e-bike,53.0
522,2025-07-16 05:00:00,5,2,24.341893919965855,18.219991476377984,1.166200082421118,Clear,0,casual,classic,47.0
523,2025-07-21 15:00:00,15,0,7.324219762501517,16.03699437017671,1.6221095819690565,Cloudy,0,member,e-bike,15.0
524,2025-07-30 23:00:00,23,2,10.343338618457992,17.489804505323868,1.6948084072911624,Clear,0,member,e-bike,54.0
525,2025-07-07 04:00:00,4,0,11.858192650872628,27.389863352434443,2.738259579362818,Cloudy,0,casual,classic,36.0
526,2025-07-01 14:00:00,14,1,9.723163048322329,31.682960867144587,0.3351444603192444,Cloudy,0,member,classic,42.0
527,2025-07-28 23:00:00,23,0,16.723712421371108,19.897875042139667,3.9083211405788942,Clear,0,casual,classic,65.0
528,2025-07-17 23:00:00,23,3,11.074600851534848,11.976903046266704,0.022583160134077882,Clear,0,member,e-bike,54.0
529,2025-07-13 06:00:00,6,6,28.551429692600756,3.972080615147532,12.830320841363484,Rain,1,casual,e-bike,0.0
530,2025-07-19 04:00:00,4,5,18.795420927342477,22.496172203871836,1.0534455419921105,Clear,1,casual,e-bike,109.0
531,2025-07-05 04:00:00,4,5,26.51681935432536,10.838578657731349,1.370760248280289,Clear,1,casual,e-bike,45.0
532,2025-07-09 21:00:00,21,2,,47.055939032872004,0.19668357191362157,Windy,0,member,classic,1.0
533,2025-07-03 18:00:00,18,3,5.416563629779658,3.143463979117559,0.15619371031747073,Clear,0,casual,e-bike,17.0
534,2025-07-19 20:00:00,20,5,9.615229562937042,18.927694756608005,0.4025344595415613,Cloudy,1,casual,e-bike,55.0
535,2025-07-05 11:00:00,11,5,12.516387615256535,28.27944732812769,1.0070908323491063,Fog,1,casual,classic,76.0
536,2025-07-30 01:00:00,1,2,18.570365826359875,26.060158039539814,0.1629080799130381,Cloudy,0,member,classic,68.0
537,2025-07-19 21:00:00,21,5,11.590682256641394,17.6509966173598,3.268906875513882,Clear,1,member,classic,66.0
538,2025-07-28 11:00:00,11,0,18.63037374783284,27.459538454856332,1.7617992133802536,Clear,0,member,e-bike,80.0
539,2025-07-19 04:00:00,4,5,,13.3276967061495,0.46622141370184567,Clear,1,member,e-bike,84.0
540,2025-07-15 01:00:00,1,1,16.04032021547884,37.613402228930866,-4.993134404655072,Rain,0,member,e-bike,39.0
541,2025-07-29 01:00:00,1,1,12.900264596314788,18.26666817653527,4.737105144243271,Rain,0,member,classic,36.0
542,2025-07-17 08:00:00,8,3,17.840370537374056,11.022175320019262,0.4670669564265554,Clear,0,member,classic,110.0
543,2025-07-18 03:00:00,3,4,23.440920431907045,13.534155225838695,1.724904812249089,Clear,0,casual,classic,52.0
544,2025-07-26 02:00:00,2,5,15.174970617771429,19.522676503736935,0.3110592981174855,Clear,1,member,classic,103.0
545,2025-07-30 12:00:00,12,2,17.272893638316127,19.35211286007285,0.16127398451564026,Clear,0,member,classic,96.0
546,2025-07-13 02:00:00,2,6,18.18261068547646,9.632445559866202,1.8538699877208578,Fog,1,member,e-bike,96.0
547,2025-07-18 01:00:00,1,4,19.752477360421405,18.766327295449567,1.0204261167044297,Clear,0,casual,classic,80.0
548,2025-07-25 08:00:00,8,4,22.25626539512919,24.604937279391578,0.8045023861267814,Cloudy,0,member,classic,87.0
549,2025-07-21 00:00:00,0,0,17.931552596415706,9.871087015970003,0.8076517750066277,Clear,0,member,classic,81.0
550,2025-07-18 14:00:00,14,4,14.61798857984473,37.38879830026758,-12.905130634334903,Rain,0,member,classic,9.0
551,2025-07-26 11:00:00,11,5,17.81202891439089,38.41542985817859,1.219483669972454,Clear,1,member,e-bike,86.0
552,2025-07-24 13:00:00,13,3,12.744435252783658,9.1159442729813,1.744578649074353,Cloudy,0,member,classic,60.0
553,2025-07-16 04:00:00,4,2,23.34524327601363,17.795974548778442,0.047648537195122416,Clear,0,member,classic,84.0
554,2025-07-06 08:00:00,8,6,14.317973653231402,28.844545795500377,1.8666434289572726,Cloudy,1,member,e-bike,84.0
555,2025-07-28 06:00:00,6,0,17.932289131110462,13.38780722350733,0.08501402356475517,Clear,0,member,classic,89.0
556,2025-07-29 21:00:00,21,1,4.224033883886466,41.48355956188092,0.02346898304206237,Windy,0,,e-bike,0.0
557,2025-07-21 11:00:00,11,0,14.923780671058186,20.8948200425654,0.9662056223479515,Clear,0,member,classic,69.0
558,2025-07-10 04:00:00,4,3,17.659233469156284,18.444570579276196,1.7650734975339215,Clear,0,member,classic,76.0
559,2025-07-08 19:00:00,19,1,-0.16417321964060072,37.366191735367835,0.7517636065832562,Cloudy,0,,classic,1.0
560,2025-07-23 12:00:00,12,2,11.836106753621532,20.708283856170926,0.010859542593310557,Cloudy,0,member,e-bike,69.0
561,2025-07-09 06:00:00,6,2,17.034252685141844,20.48552282357757,0.7683235609879449,Cloudy,0,casual,e-bike,68.0
562,2025-07-28 18:00:00,18,0,3.7176048639805854,30.483054146749442,1.2446179028974127,Clear,0,,classic,1.0
563,2025-07-18 13:00:00,13,4,12.78757314444839,40.666697443946205,0.27394920482794044,Windy,0,casual,classic,58.0
564,2025-07-16 10:00:00,10,2,17.662239239564844,,0.7367289870490065,Fog,0,member,e-bike,78.0
565,2025-07-28 23:00:00,23,0,10.128537999961674,34.35034331938767,3.701026304073726,Clear,0,casual,classic,11.0
566,2025-07-02 14:00:00,14,2,16.40499751225852,12.996024852807157,0.6828712992787777,Fog,0,member,e-bike,79.0
567,2025-07-09 01:00:00,1,2,20.64135722665151,21.812404280500886,0.857449886667023,Cloudy,0,casual,classic,97.0
568,2025-07-04 14:00:00,14,4,16.32728586599983,24.13958584368673,0.8459269590145424,Cloudy,0,casual,e-bike,75.0
569,2025-07-25 11:00:00,11,4,22.982006273914344,,1.7252140063294998,Fog,0,casual,classic,51.0
570,2025-07-01 12:00:00,12,1,11.606359177012374,21.319401001195036,5.531322678611803,Rain,0,member,classic,34.0
571,2025-07-06 13:00:00,13,6,12.239287713757804,34.40356483131967,0.11545327131947797,Clear,1,member,e-bike,66.0
572,2025-07-01 12:00:00,12,1,6.069644408291308,,0.134059008828012,Clear,0,,classic,0.0
573,2025-07-27 14:00:00,14,6,13.690705666580515,15.834258719773333,1.021464931774737,Cloudy,1,casual,classic,70.0
574,2025-07-07 22:00:00,22,0,10.799645223916244,11.217460121837547,4.21628737994426,Rain,0,member,classic,38.0
575,2025-07-05 23:00:00,23,5,8.893299519299827,,0.200315969296567,Cloudy,1,member,e-bike,53.0
576,2025-07-06 23:00:00,23,6,20.764903827936635,14.063500871806324,2.6758659615822626,Clear,1,member,e-bike,81.0
577,2025-07-29 20:00:00,20,1,13.685421739913254,18.000902452848916,0.601467395894533,Cloudy,0,casual,e-bike,72.0
578,2025-07-23 11:00:00,11,2,11.42543108985538,10.423179446736189,0.7360144707640086,Cloudy,0,member,classic,59.0
579,2025-07-23 10:00:00,10,2,12.25882248306134,26.81778322072769,1.2404688766014393,Clear,0,member,classic,59.0
580,2025-07-16 12:00:00,12,2,16.803954803548027,11.035090063597695,1.4422863787187472,Cloudy,0,member,classic,78.0
581,2025-07-08 21:00:00,21,1,8.087752398784376,19.598025392599286,0.35695971136896865,Clear,0,casual,classic,19.0
582,2025-07-13 05:00:00,5,6,17.338538909999652,26.443097479962802,0.4682570014461884,Clear,1,member,e-bike,88.0
583,2025-07-07 21:00:00,21,0,10.699632373846832,29.91535015157558,0.38820881910582056,Clear,0,member,classic,43.0
584,2025-07-16 16:00:00,16,2,4.753751721962258,30.799673425211942,2.6667457307320834,Cloudy,0,,classic,0.0
585,2025-07-29 09:00:00,9,1,16.5426573867516,47.819005115182584,1.3930227392473513,Windy,0,member,e-bike,69.0
586,2025-07-18 12:00:00,12,4,14.440579785011272,11.026823963464613,0.4238843796579835,Fog,0,casual,classic,71.0
587,2025-07-12 18:00:00,18,5,11.095345272022788,18.966239749381973,0.1331866842571895,Cloudy,1,member,e-bike,93.0
588,2025-07-02 16:00:00,16,2,10.388029606908846,22.586124010730163,0.025271812379605876,Clear,0,member,classic,64.0
589,2025-07-31 03:00:00,3,3,18.877465448480276,15.080427719462776,2.4367311454531686,,0,casual,classic,83.0
590,2025-07-02 04:00:00,4,2,25.748023304436995,23.436671718577138,0.2930615880872332,Clear,0,member,e-bike,39.0
591,2025-07-11 19:00:00,19,4,4.9804014520613284,10.977181290889684,0.20590711678465298,Clear,0,member,e-bike,9.0
592,2025-07-29 15:00:00,15,1,3.5609094220680237,19.87930125055208,5.388838713116031,Rain,0,casual,classic,1.0
593,2025-07-23 13:00:00,13,2,12.021740688117639,8.400322765852037,0.21126965793607888,Clear,0,member,classic,61.0
594,2025-07-15 19:00:00,19,1,9.099746982464255,27.99316481047999,1.2813804078777224,Clear,0,member,classic,60.0
595,2025-07-14 23:00:00,23,0,7.557845913828318,8.411565522232458,0.29421424073859703,,0,casual,classic,17.0
596,2025-07-17 04:00:00,4,3,17.647889383438006,8.162894373967339,1.1505488804653388,Clear,0,member,e-bike,76.0
597,2025-07-27 18:00:00,18,6,11.329063975867118,17.228553736305017,1.3409159258104142,Fog,1,member,e-bike,92.0
598,2025-07-18 23:00:00,23,4,15.621812631229622,24.122048765206443,2.4168262485217196,Clear,0,member,classic,66.0
599,2025-07-29 03:00:00,3,1,15.693192107637977,,0.8756117874912714,Clear,0,member,classic,81.0
600,2025-07-30 20:00:00,20,2,5.123712766906736,12.763207824427965,2.173522977937579,Clear,0,casual,classic,1.0
601,2025-07-17 11:00:00,11,3,17.67892420249311,17.667142153586717,0.1312808641049458,Fog,0,casual,classic,94.0
602,2025-07-09 13:00:00,13,2,16.09892624819923,11.772214876998246,0.5265032192437802,Clear,0,member,classic,83.0
603,2025-07-10 07:00:00,7,3,14.45855263799399,35.3577527705326,0.015347719369119406,Clear,0,member,classic,93.0
604,2025-07-22 08:00:00,8,1,19.125920972409336,32.175778910374284,0.5551143172752708,Cloudy,0,member,e-bike,88.0
605,2025-07-21 09:00:00,9,0,17.723916149216866,12.362744995934731,0.04868065506563883,Clear,0,casual,classic,
606,2025-07-16 01:00:00,1,2,12.69841239725165,14.899489703736496,4.193682680611981,Rain,0,casual,e-bike,56.0
607,2025-07-24 06:00:00,6,3,20.981525403679722,25.404807002756993,1.093724367110915,Fog,0,member,classic,70.0
608,2025-07-20 01:00:00,1,6,14.141717817695154,5.215124838276662,0.6226465001647287,Cloudy,1,member,e-bike,79.0
609,2025-07-30 03:00:00,3,2,21.35412278841192,26.67159047790685,1.0561070917128683,Fog,0,member,e-bike,68.0
610,2025-07-16 20:00:00,20,2,11.22251001641883,26.539422713965006,0.5721815810134654,Clear,0,casual,e-bike,45.0
611,2025-07-06 12:00:00,12,6,8.743025492988975,10.69950919896989,0.05983705978715832,Clear,1,casual,e-bike,34.0
612,2025-07-10 03:00:00,3,3,11.582767045642031,13.466418535153675,1.9543594339273,Clear,0,member,e-bike,45.0
613,2025-07-18 21:00:00,21,4,12.694637274187695,19.17256490399644,0.19404203732129627,Fog,0,member,e-bike,69.0
614,2025-07-20 15:00:00,15,6,14.8457530075958,29.543221198862206,1.0790441082285578,Clear,1,member,classic,76.0
615,2025-07-30 13:00:00,13,2,16.30153766108616,32.866722764405914,0.08814581569533331,Clear,0,casual,classic,89.0
616,2025-07-20 20:00:00,20,6,11.930508143933206,10.261963602745451,1.258112182524086,Clear,1,member,e-bike,80.0
617,2025-07-02 20:00:00,20,2,,15.59393048879469,0.3359949466813375,Cloudy,0,member,classic,11.0
618,2025-07-21 10:00:00,10,0,18.29638584987035,6.529267118324603,1.9088720687054481,Clear,0,casual,e-bike,74.0
619,2025-07-06 07:00:00,7,6,29.646928630180636,18.004741011113925,2.5488372709347966,Clear,1,member,e-bike,24.0
620,2025-07-11 04:00:00,4,4,20.04342318509589,33.29679706290978,0.48165779462592745,Clear,0,member,classic,58.0
621,2025-07-17 00:00:00,0,3,18.826637937770958,11.854413204226288,0.9579088997505393,Clear,0,member,e-bike,96.0
622,2025-07-23 09:00:00,9,2,11.86667977350442,15.470292599754284,1.9959398461732465,Clear,0,member,e-bike,84.0
623,2025-07-27 04:00:00,4,6,20.577030457044152,31.09813329186722,0.6491137128286666,Clear,1,member,classic,83.0
624,2025-07-28 22:00:00,22,0,11.137358988892537,29.942182427713263,0.2907308545324574,Cloudy,0,member,classic,48.0
625,2025-07-06 19:00:00,19,6,6.779535773708788,17.612655112510186,0.026741098316454177,Clear,1,member,e-bike,32.0
626,2025-07-06 01:00:00,1,6,18.64359767769235,17.33524786073829,1.3585553621798374,Clear,1,member,classic,102.0
627,2025-07-05 03:00:00,3,5,21.23770756171919,23.410616281607215,1.261896181211789,Fog,1,casual,classic,85.0
628,2025-07-20 17:00:00,17,6,7.653867982004353,41.24063220281656,0.20920839008820344,Windy,1,casual,classic,38.0
629,2025-07-27 13:00:00,13,6,14.348046438997725,17.035708358992117,1.2078679152903802,Clear,1,member,classic,99.0
630,2025-07-20 15:00:00,15,6,14.329989502070635,20.087110455963717,0.9227632621620228,Clear,1,member,e-bike,78.0
631,2025-07-29 09:00:00,9,1,,25.88273244181558,0.19457390006943961,Clear,0,casual,classic,98.0
632,2025-07-29 11:00:00,11,1,12.849011530077814,14.81064241944307,0.28268862002268824,Clear,0,member,classic,70.0
633,2025-07-03 22:00:00,22,3,20.981101840317805,12.873744277052616,0.7655505653559043,Cloudy,0,casual,classic,91.0
634,2025-07-04 16:00:00,16,4,11.49866770079956,4.122086581670844,1.0950894360125434,Cloudy,0,member,e-bike,71.0
635,2025-07-13 11:00:00,11,6,13.726637597943423,26.77054679716919,1.4491926039969185,Clear,1,casual,classic,74.0
636,2025-07-13 01:00:00,1,6,15.280017967697907,25.354366203804553,0.1365851696350377,Cloudy,1,casual,e-bike,678.0
637,2025-07-03 04:00:00,4,3,14.418945822228334,12.820596607779578,0.4288162460208776,Cloudy,0,member,classic,79.0
638,2025-07-11 20:00:00,20,4,5.480963739616188,19.0254165891232,4.209271581827316,Rain,0,member,e-bike,0.0
639,2025-07-22 23:00:00,23,1,13.343402185964933,14.824742653214653,2.468331062594702,Cloudy,0,member,classic,63.0
640,2025-07-15 13:00:00,13,1,6.834958903548933,8.558709841907344,,Clear,0,,classic,0.0
641,2025-07-20 23:00:00,23,6,10.458145498040274,27.669712169630746,0.5186970082164746,Clear,1,member,classic,61.0
642,2025-07-06 18:00:00,18,6,5.748205790038028,22.83859896156607,1.1518295775374594,Clear,1,member,classic,34.0
643,2025-07-15 11:00:00,11,1,14.904432206224797,,2.5326288363715403,Clear,0,member,classic,65.0
644,2025-07-23 23:00:00,23,2,6.157159883539011,30.65046238091737,0.17014517753325237,Clear,0,casual,classic,4.0
645,2025-07-28 20:00:00,20,0,8.842841152708905,29.438188607424756,0.06951999576004454,Clear,0,member,e-bike,23.0
646,2025-07-10 22:00:00,22,3,12.922826924282322,6.138608049681586,1.1364506568921404,Fog,0,member,e-bike,59.0
647,2025-07-15 10:00:00,10,1,18.55320452194774,21.225587431870863,0.9784876601471608,Clear,0,casual,classic,75.0
648,2025-07-29 19:00:00,19,1,0.27930831726485383,,1.7025855727660966,Clear,0,,classic,1.0
649,2025-07-11 07:00:00,7,4,25.508106997574608,8.168776446973679,0.22255876938954747,Clear,0,member,e-bike,72.0
650,2025-07-29 12:00:00,12,1,19.917886011950976,32.744837969262086,1.9106580069698405,Clear,0,member,e-bike,82.0
651,2025-07-10 20:00:00,20,3,7.596598653617857,18.05357997645827,2.0878347124952295,Fog,0,member,e-bike,11.0
652,2025-07-09 16:00:00,16,2,15.872757895498427,16.711609456255808,0.26312613088250275,Clear,0,member,classic,101.0
653,2025-07-28 20:00:00,20,0,8.346247546611849,13.54336061990266,0.5664372804866472,Cloudy,0,member,e-bike,25.0
654,2025-07-19 06:00:00,6,5,18.421603699435316,32.24843114546956,,Cloudy,1,member,e-bike,92.0
655,2025-07-15 05:00:00,5,1,15.636624384762307,26.032968684945622,0.231779045469302,Clear,0,member,classic,65.0
656,2025-07-27 17:00:00,17,6,7.942225701970791,9.182893110481103,0.4074553017888598,Clear,1,casual,e-bike,62.0
657,2025-07-30 00:00:00,0,2,13.435392496633106,23.490504643574365,0.24353985598330052,Clear,0,casual,e-bike,75.0
658,2025-07-23 17:00:00,17,2,6.9882143341531915,16.278601870790077,1.7960726868439238,Clear,0,member,classic,29.0
659,2025-07-13 02:00:00,2,6,17.997346635018165,7.087682525462288,0.7871490991574995,Clear,1,casual,classic,76.0
660,2025-07-30 19:00:00,19,2,9.206161744114404,20.19316112266238,1.5186736722844114,Fog,0,member,classic,47.0
661,2025-07-10 10:00:00,10,3,11.200886676543496,14.397121103312081,2.3551971546678634,Fog,0,member,e-bike,58.0
662,2025-07-21 22:00:00,22,0,14.678848954776159,14.159822872073883,2.733802175714397,Fog,0,member,classic,58.0
663,2025-07-22 11:00:00,11,1,18.654779084336504,26.350338945850137,0.03849577622469858,Cloudy,0,member,classic,83.0
664,2025-07-27 03:00:00,3,6,18.11765984288395,11.730019559217222,0.975594686080967,Clear,1,casual,classic,87.0
665,2025-07-19 04:00:00,4,5,18.551327803280653,28.23480577265962,3.8181964388563476,Clear,1,member,classic,84.0
666,2025-07-22 17:00:00,17,1,7.087895049329006,23.852218824868785,2.189256229614753,Fog,0,member,e-bike,26.0
667,2025-07-20 21:00:00,21,6,7.929924284730738,10.351044422024462,2.460986547518865,Clear,1,casual,classic,24.0
668,2025-07-27 23:00:00,23,6,8.638182413486593,19.344752964632065,0.5447445371379378,Clear,1,casual,classic,42.0
669,2025-07-16 11:00:00,11,2,11.345687506778486,17.23803799769865,1.4769270031233193,Clear,0,casual,classic,49.0
670,2025-07-03 21:00:00,21,3,13.880593844172061,20.324237472281773,0.7878011967340313,Clear,0,member,e-bike,66.0
671,2025-07-13 02:00:00,2,6,24.31800550585183,10.946286711336127,1.0979082150587385,Cloudy,1,casual,classic,65.0
672,2025-07-05 04:00:00,4,5,22.598573575872326,29.713205846060017,1.4265222919994847,Cloudy,1,member,e-bike,76.0
673,2025-07-11 03:00:00,3,4,16.50425872930385,3.972341400142198,1.1646828978013555,Clear,0,member,e-bike,84.0
674,2025-07-23 04:00:00,4,2,19.469846814981494,11.567490261915284,1.4182003625973205,Clear,0,member,e-bike,88.0
675,2025-07-08 03:00:00,3,1,14.849774172613198,18.426300454000593,1.0002018522318028,Clear,0,casual,e-bike,94.0
676,2025-07-11 07:00:00,7,4,18.759332380878423,33.176538982501555,0.7269896058087568,Cloudy,0,member,e-bike,96.0
677,2025-07-29 22:00:00,22,1,,22.332913635075077,0.4077555206594856,Clear,0,member,classic,81.0
678,2025-07-09 13:00:00,13,2,7.905400937513936,10.46492172383785,1.253610345465145,Cloudy,0,member,e-bike,17.0
679,2025-07-24 05:00:00,5,3,14.114614139859075,4.033032813311544,0.5419000049298893,Fog,0,casual,e-bike,83.0
680,2025-07-05 11:00:00,11,5,17.797567063610394,18.930656481860805,1.9995276136868436,Clear,1,member,classic,71.0
681,2025-07-16 09:00:00,9,2,14.852990670612535,8.479063689569195,1.5514444829604312,Fog,0,member,classic,92.0
682,2025-07-28 03:00:00,3,0,15.865529019854094,15.322089636411585,0.5109115562358194,Clear,0,member,e-bike,77.0
683,2025-07-16 04:00:00,4,2,14.907744074100542,7.53329192203415,0.8727369896423316,Clear,0,member,e-bike,75.0
684,2025-07-21 13:00:00,13,0,11.277712042079784,11.059401941620328,0.32036476526991925,Clear,0,member,classic,58.0
685,2025-07-27 07:00:00,7,6,18.3584084267892,37.87765641858311,3.1022814146866344,Clear,1,member,classic,86.0
686,2025-07-07 10:00:00,10,0,18.57251742081284,28.64914412824991,0.4248741443216918,Clear,0,member,e-bike,80.0
687,2025-07-16 00:00:00,0,2,12.474644135426896,26.431545579763718,3.042032404043322,Cloudy,0,casual,classic,59.0
688,2025-07-11 04:00:00,4,4,17.12001557023972,28.7981635938355,0.07291885521143342,Clear,0,casual,e-bike,80.0
689,2025-07-21 08:00:00,8,0,23.74915396840621,24.454578231378072,0.23931217686593512,Cloudy,0,member,classic,75.0
690,2025-07-22 15:00:00,15,1,7.805074867247588,7.147608542352213,1.203074022404244,Cloudy,0,member,classic,13.0
691,2025-07-12 23:00:00,23,5,12.903476601451796,19.338815859532808,0.9331106015422006,Clear,1,casual,e-bike,75.0
692,2025-07-21 05:00:00,5,0,,16.42540763568892,2.320794190576486,Clear,0,member,classic,63.0
693,2025-07-01 23:00:00,23,1,15.020945953876794,8.6154880451824,1.940857858744761,Cloudy,0,member,classic,70.0
694,2025-07-15 23:00:00,23,1,16.352234590330596,19.899145589815554,0.10148706993099417,Clear,0,casual,e-bike,86.0
695,2025-07-02 11:00:00,11,2,16.94136412011048,13.440490266981083,0.4043383716565985,Clear,0,casual,classic,90.0
696,2025-07-27 01:00:00,1,6,,43.363926679679714,0.9928373443284845,Windy,1,member,classic,70.0
697,2025-07-02 04:00:00,4,2,17.8604417491988,7.429958491958218,0.29895526706974573,Clear,0,casual,e-bike,78.0
698,2025-07-03 05:00:00,5,3,25.00653397856383,22.08760956478897,2.0500168352951094,Cloudy,0,member,classic,43.0
699,2025-07-19 12:00:00,12,5,14.567381979966118,14.606716093001932,1.9029930032554412,Clear,1,member,e-bike,90.0
700,2025-07-10 01:00:00,1,3,21.45395195686124,,0.4826963048790784,Cloudy,0,member,e-bike,69.0
701,2025-07-21 19:00:00,19,0,11.715085501550885,28.223102158814136,3.0903908213092284,Cloudy,0,casual,classic,51.0
702,2025-07-27 20:00:00,20,6,,18.955030045225186,1.3532616781377322,Clear,1,member,e-bike,72.0
703,2025-07-22 07:00:00,7,1,22.73221872451058,31.406766323321914,0.3929284478619259,Clear,0,casual,classic,87.0
704,2025-07-02 04:00:00,4,2,21.36212198160967,31.399326507930393,1.2653851570529002,Cloudy,0,member,classic,61.0
705,2025-07-24 05:00:00,5,3,,17.09145826783178,0.6614917306257796,Clear,0,member,e-bike,86.0
706,2025-07-25 05:00:00,5,4,16.612216022840833,21.002832502941228,0.01080473619702746,Cloudy,0,member,e-bike,77.0
707,2025-07-04 05:00:00,5,4,16.309381762678576,8.028084659139363,1.1011227059294537,Fog,0,member,e-bike,78.0
708,2025-07-17 19:00:00,19,3,10.229195695629965,27.962187515351875,0.1455173373454355,Fog,0,member,classic,82.0
709,2025-07-17 01:00:00,1,3,18.287752527083853,23.69449340211954,,Cloudy,0,member,e-bike,70.0
710,2025-07-20 20:00:00,20,6,8.001529322938287,12.350335754384423,1.6264458927711174,Clear,1,casual,classic,23.0
711,2025-07-04 11:00:00,11,4,22.107112012891196,13.433221542640041,1.500474485470279,Clear,0,member,e-bike,73.0
712,2025-07-01 07:00:00,7,1,19.49834750226108,6.8812837773201245,0.015889076984673303,Clear,0,member,e-bike,118.0
713,2025-07-16 23:00:00,23,2,11.681708669991838,8.935133390172918,0.5915434050638525,Clear,0,member,classic,54.0
714,2025-07-01 09:00:00,9,1,15.656120716308797,32.68788890832519,0.6514141183932184,Cloudy,0,casual,classic,82.0
715,2025-07-11 08:00:00,8,4,16.783914422441953,24.797946903588905,0.5267419676466171,Fog,0,casual,e-bike,111.0
716,2025-07-12 06:00:00,6,5,,19.273457476399006,1.0908304880354867,Clear,1,member,classic,84.0
717,2025-07-23 05:00:00,5,2,15.716209890846653,21.2549363743422,0.5786811603619781,Clear,0,member,classic,75.0
718,2025-07-07 21:00:00,21,0,9.118812912877596,13.126698929851976,0.034706512700004015,Cloudy,0,member,e-bike,34.0
719,2025-07-02 08:00:00,8,2,22.778382019598588,3.1698222282902484,1.9224824758067036,Clear,0,member,classic,638.0
720,2025-07-01 20:00:00,20,1,9.517989150417648,26.860575602692332,0.9332981717122567,Clear,0,casual,classic,34.0
721,2025-07-14 17:00:00,17,0,8.071193625679301,6.826173976991166,0.06660988324274854,Cloudy,0,member,e-bike,56.0
722,2025-07-10 17:00:00,17,3,10.22245466720617,21.007140854733354,0.605456713096093,Cloudy,0,member,classic,80.0
723,2025-07-01 20:00:00,20,1,10.851576810027266,22.447644568336873,2.382915280098604,Clear,0,member,classic,46.0
724,2025-07-01 17:00:00,17,1,10.714258660204269,20.603680911577467,0.8953997090984832,Cloudy,0,member,e-bike,76.0
725,2025-07-04 04:00:00,4,4,18.483276248587604,12.348625117901936,1.5233711492652646,Clear,0,member,e-bike,91.0
726,2025-07-18 05:00:00,5,4,19.315400617272836,22.1760469291187,1.082052075233194,Clear,0,member,classic,80.0
727,2025-07-25 11:00:00,11,4,11.824990200723787,34.40392857214144,0.9615259588507656,Clear,0,member,classic,44.0
728,2025-07-05 21:00:00,21,5,4.675299555019759,5.003773504097251,1.7381849207034017,Clear,1,casual,classic,0.0
729,2025-07-08 06:00:00,6,1,23.234360078018806,8.747186468954196,1.2938682834146218,Clear,0,casual,e-bike,60.0
730,2025-07-25 01:00:00,1,4,14.987968820438619,17.766152775643206,0.18291901665197122,Cloudy,0,member,e-bike,84.0
731,2025-07-21 18:00:00,18,0,3.497314613434291,15.5664934195472,3.2970250569183013,Cloudy,0,member,classic,2.0
732,2025-07-13 04:00:00,4,6,19.36345682969623,19.867225826338736,1.9341137416111633,Clear,1,casual,classic,94.0
733,2025-07-18 02:00:00,2,4,28.75308601425536,16.30734605501815,2.0490043045359356,Clear,0,member,classic,5.0
734,2025-07-03 17:00:00,17,3,-0.6454746874127366,17.333220590299725,1.3220911347776267,Clear,0,member,e-bike,1.0
735,2025-07-04 08:00:00,8,4,,25.96473206125228,1.3287594231925135,Fog,0,casual,e-bike,106.0
736,2025-07-20 11:00:00,11,6,8.944377816974031,26.247369706690094,0.12845873703801908,Cloudy,1,member,classic,41.0
737,2025-07-12 11:00:00,11,5,11.151836821372976,7.643822891406798,,Cloudy,1,casual,e-bike,74.0
738,2025-07-16 03:00:00,3,2,14.340308898606677,30.045144309628064,2.4199444726890107,Fog,0,member,classic,59.0
739,2025-07-15 07:00:00,7,1,18.808203330935907,22.511937049152596,0.5765547188084921,Fog,0,member,classic,100.0
740,2025-07-12 11:00:00,11,5,19.50937707916676,9.075910268918683,0.6379936328454676,Clear,1,member,e-bike,111.0
741,2025-07-18 05:00:00,5,4,29.388942252047862,17.941017387889055,0.21892506683033394,Clear,0,member,classic,
742,2025-07-22 00:00:00,0,1,14.753136663416212,16.55801757860567,0.1421162084465099,Clear,0,casual,e-bike,84.0
743,2025-07-30 21:00:00,21,2,15.65636403949615,29.380492848704016,0.5507153106832615,Clear,0,member,classic,73.0
744,2025-07-11 02:00:00,2,4,23.011454813148138,27.219222096332253,2.575709515602778,Clear,0,member,classic,49.0
745,2025-07-23 14:00:00,14,2,7.902531185791562,8.42089069458611,0.21364824842134547,Fog,0,casual,e-bike,26.0
746,2025-07-05 17:00:00,17,5,12.013526845831569,22.774303723439544,1.147756801778165,Clear,1,casual,e-bike,110.0
747,2025-07-29 01:00:00,1,1,16.35994550469532,29.484498714061193,0.10290809282384618,Cloudy,0,member,e-bike,66.0
748,2025-07-04 21:00:00,21,4,15.478602172255613,43.007565977145006,0.26081120197302,Windy,0,member,e-bike,62.0
749,2025-07-01 23:00:00,23,1,11.931810596918512,19.804781263873682,1.3384782294227275,Clear,0,member,classic,53.0
750,2025-07-03 14:00:00,14,3,8.161646622748087,5.810931794954386,1.2866661142490141,Clear,0,casual,classic,33.0
751,2025-07-29 15:00:00,15,1,9.330407225605928,12.093645343254291,2.837569323468992,Clear,0,casual,e-bike,34.0
752,2025-07-07 01:00:00,1,0,19.680802291265977,4.228921346957511,0.1975230271998912,Clear,0,member,e-bike,91.0
753,2025-07-18 17:00:00,17,4,1.005208122520063,49.40407880950105,1.4294011361633372,Windy,0,member,e-bike,2.0
754,2025-07-14 18:00:00,18,0,9.65253032289336,51.08883785170998,2.953057184300147,Windy,0,member,classic,17.0
755,2025-07-04 16:00:00,16,4,,19.295478905769748,1.176056180439588,Clear,0,member,classic,41.0
756,2025-07-04 09:00:00,9,4,12.454335277074758,15.710389296913402,1.0835607172391528,Clear,0,member,classic,116.0
757,2025-07-12 14:00:00,14,5,9.564288962944941,10.158123105768478,0.19927359828795924,Clear,1,member,classic,46.0
758,2025-07-08 08:00:00,8,1,21.098886101253782,4.2136650701887515,0.2953785939233816,Clear,0,member,classic,96.0
759,2025-07-05 01:00:00,1,5,11.976614814980604,5.431917508964752,1.0160817783909923,Clear,1,casual,e-bike,73.0
760,2025-07-02 21:00:00,21,2,14.17543167207204,33.434479441629634,0.07056377803905454,Clear,0,casual,classic,70.0
761,2025-07-12 19:00:00,19,5,10.766709946638354,5.558701477602396,2.814598953720838,Clear,1,member,classic,81.0
762,2025-07-30 13:00:00,13,2,12.59637472551055,25.89410799012179,0.6482088780691573,Clear,0,member,e-bike,70.0
763,2025-07-17 15:00:00,15,3,6.043775394577551,32.73389289563908,1.2975992340382165,Clear,0,member,classic,1.0
764,2025-07-16 06:00:00,6,2,22.729046177845934,15.79131834396245,-0.7352202847984466,Clear,0,member,e-bike,66.0
765,2025-07-28 03:00:00,3,0,23.061530122236984,20.179556891084896,1.8657460887020119,Clear,0,member,e-bike,57.0
766,2025-07-01 22:00:00,22,1,14.26991166539355,32.59439346922986,1.1564839139234262,Clear,0,member,classic,61.0
767,2025-07-15 01:00:00,1,1,16.891718651903147,36.99259742132518,1.101790254228356,Cloudy,0,casual,classic,64.0
768,2025-07-19 20:00:00,20,5,10.660806360678277,20.738058287967633,0.3802444418057676,Cloudy,1,member,classic,62.0
769,2025-07-30 19:00:00,19,2,3.7834584678028182,10.356367188421045,1.662599930713839,Clear,0,member,e-bike,0.0
770,2025-07-21 16:00:00,16,0,11.646310307138057,41.5098425561344,0.4306207094388081,Windy,0,member,e-bike,63.0
771,2025-07-20 19:00:00,19,6,7.44184118146492,24.686782932476156,3.167238994486846,Clear,1,member,classic,51.0
772,2025-07-04 13:00:00,13,4,4.610824146252833,27.716278870002768,1.1140503855184467,Clear,0,member,e-bike,4.0
773,2025-07-09 09:00:00,9,2,11.148244605100503,23.482474455443743,2.3349621638374805,Clear,0,member,classic,72.0
774,2025-07-02 14:00:00,14,2,8.505819542122504,21.41238573759778,1.1867063317864646,Cloudy,0,member,classic,31.0
775,2025-07-01 06:00:00,6,1,15.190517622054639,25.736256048686496,1.3761284952840527,Fog,0,casual,e-bike,73.0
776,2025-07-25 20:00:00,20,4,11.52566228678131,16.89656256413549,0.005571984953331668,Clear,0,member,e-bike,55.0
777,2025-07-06 13:00:00,13,6,13.292844245053868,22.39367913456615,2.9902232606147554,Clear,1,casual,classic,74.0
778,2025-07-07 06:00:00,6,0,20.76875500830686,23.34309677782405,2.3088732554843845,Cloudy,0,member,e-bike,68.0
779,2025-07-19 00:00:00,0,5,16.612881468953574,12.041775865371736,3.147720588877047,Clear,1,member,classic,74.0
780,2025-07-19 15:00:00,15,5,12.643815207163556,6.118136878369799,0.12458111048643042,Clear,1,member,e-bike,80.0
781,2025-07-07 08:00:00,8,0,27.991711754987136,5.724207233713336,0.1602014718314274,Cloudy,0,member,classic,46.0
782,2025-07-24 19:00:00,19,3,10.08191265801182,22.438256983660708,,Clear,0,member,e-bike,66.0
783,2025-07-16 15:00:00,15,2,3.905145501625852,22.855076498858608,0.1708200934987322,Fog,0,casual,e-bike,1.0
784,2025-07-15 08:00:00,8,1,16.541260975433786,14.516714706774259,0.7882257544133913,Fog,0,member,classic,114.0
785,2025-07-26 01:00:00,1,5,,11.668920530118278,4.30018783107733,Rain,1,casual,classic,65.0
786,2025-07-10 04:00:00,4,3,18.622148484147463,17.490018678534152,1.1736131437990631,Clear,0,member,classic,92.0
787,2025-07-28 13:00:00,13,0,13.995475225526608,22.061327807147165,4.033111339888292,Rain,0,member,classic,61.0
788,2025-07-28 21:00:00,21,0,10.41164296949955,19.644376918655514,0.6282083442316839,Cloudy,0,member,classic,48.0
789,2025-07-09 05:00:00,5,2,22.15986053617898,9.185528602666025,0.4367137996831407,Clear,0,member,classic,68.0
790,2025-07-30 07:00:00,7,2,18.678982152256086,29.38748570200398,0.22884601681304678,Cloudy,0,member,classic,113.0
791,2025-07-28 21:00:00,21,0,8.836462579666714,28.327240544721448,0.8085463967439529,Clear,0,member,e-bike,27.0
792,2025-07-05 10:00:00,10,5,16.124609291155988,5.465208675259899,0.009914597279851927,Clear,1,member,classic,73.0
793,2025-07-08 06:00:00,6,1,12.966277279119144,34.6333783700789,0.34179516713059516,Clear,0,member,classic,53.0
794,2025-07-07 22:00:00,22,0,12.446348915469034,5.152596206920904,1.5804949043990024,Clear,0,member,classic,53.0
795,2025-07-10 13:00:00,13,3,3.961480842744786,43.69886478695384,1.4796111886492989,Windy,0,member,e-bike,1.0
796,2025-07-19 15:00:00,15,5,14.662579372737838,13.09689275743313,0.7108046197923678,Clear,1,member,classic,83.0
797,2025-07-30 05:00:00,5,2,25.18907989180563,28.27368461654683,0.03202363521558236,Clear,0,member,e-bike,48.0
798,2025-07-17 17:00:00,17,3,6.009428361853706,24.83388141887574,1.9202457352867557,Cloudy,0,member,classic,10.0
799,2025-07-08 00:00:00,0,1,14.648442670017413,14.364834205599843,1.6965762937748565,Clear,0,casual,classic,57.0
800,2025-07-24 02:00:00,2,3,12.196951309905792,26.804765649669964,0.5276720916316615,Cloudy,0,member,e-bike,56.0
801,2025-07-11 05:00:00,5,4,20.479561017001938,10.003244144572243,1.7354085189002897,Cloudy,0,member,classic,80.0
802,2025-07-23 19:00:00,19,2,15.173662275616206,19.875499518928113,3.2096875038332136,Cloudy,0,casual,e-bike,99.0
803,2025-07-01 16:00:00,16,1,8.301992293405958,29.278824196482137,3.309435507619048,Clear,0,member,classic,41.0
804,2025-07-17 15:00:00,15,3,13.353435799206906,18.57550197721779,1.6415425495844131,Fog,0,member,e-bike,66.0
805,2025-07-06 09:00:00,9,6,14.943620988240287,24.34989384571573,1.3610170076333363,Clear,1,member,classic,105.0
806,2025-07-08 11:00:00,11,1,11.19848507775537,,0.9541032905427704,Clear,0,member,classic,47.0
807,2025-07-23 11:00:00,11,2,17.421793244924206,22.72781400616129,0.10816919569412685,Fog,0,member,classic,69.0
808,2025-07-06 03:00:00,3,6,19.93799143426254,18.400991604980685,0.2028970217243652,Cloudy,1,member,e-bike,79.0
809,2025-07-03 12:00:00,12,3,11.250284734444175,11.56952586334407,0.5253211401592155,Clear,0,member,classic,52.0
810,2025-07-19 16:00:00,16,5,10.471897772035721,22.321192041979035,1.0677058974592688,Fog,1,casual,classic,110.0
811,2025-07-13 03:00:00,3,6,24.537981741076173,22.597591323269754,0.9567631275291881,Cloudy,1,member,classic,73.0
812,2025-07-30 02:00:00,2,2,16.861942639764997,35.278564008894016,1.6296852475904713,Cloudy,0,member,classic,963.0
813,2025-07-10 21:00:00,21,3,9.532276177460338,10.191349199846588,0.47187657639606495,Clear,0,member,classic,36.0
814,2025-07-20 13:00:00,13,6,8.697336247671753,14.979556623973846,0.5054727944310019,Fog,1,casual,e-bike,27.0
815,2025-07-16 14:00:00,14,2,5.982242198981627,37.280295336842386,1.3110739391423298,Cloudy,0,member,classic,0.0
816,2025-07-08 04:00:00,4,1,19.08735078689284,,0.18195597500523228,Cloudy,0,casual,e-bike,69.0
817,2025-07-23 18:00:00,18,2,,6.1948944292663555,0.9046276445923416,Clear,0,member,e-bike,34.0
818,2025-07-16 11:00:00,11,2,16.403346535446083,,0.655642214690847,Windy,0,member,classic,50.0
819,2025-07-24 21:00:00,21,3,13.878949410590156,29.70262478584507,0.5173857454794891,Clear,0,member,classic,72.0
820,2025-07-16 17:00:00,17,2,8.593536953730332,10.452495208959023,0.8758968485461816,Clear,0,member,classic,52.0
821,2025-07-08 13:00:00,13,1,11.949698272513512,28.61046196580125,0.3896881402291118,Cloudy,0,casual,e-bike,69.0
822,2025-07-25 08:00:00,8,4,21.197462793975284,27.812587299654513,0.4628723526887554,Cloudy,0,casual,e-bike,95.0
823,2025-07-13 05:00:00,5,6,,41.83346332091513,0.005828815899274961,Windy,1,casual,classic,79.0
824,2025-07-15 03:00:00,3,1,19.09400390712085,32.716843970180626,0.5197285362275819,Fog,0,member,e-bike,86.0
825,2025-07-10 07:00:00,7,3,15.622071814440774,32.403408647321726,0.0021863368714849438,Clear,0,member,e-bike,108.0
826,2025-07-14 18:00:00,18,0,10.722811940875248,6.438290905471542,0.35014529916586923,Clear,0,member,classic,86.0
827,2025-07-02 09:00:00,9,2,16.43942767973332,17.1226560270567,0.7489923562420375,Clear,0,member,classic,102.0
828,2025-07-27 02:00:00,2,6,13.962684562864327,18.807369661270368,0.5193530096333406,Clear,1,casual,classic,94.0
829,2025-07-21 06:00:00,6,0,12.89452373044237,17.3606201950165,0.8995849756270693,Clear,0,member,e-bike,64.0
830,2025-07-20 17:00:00,17,6,4.420878452291986,24.418481118343784,1.8921153454251303,Clear,1,,classic,2.0
831,2025-07-12 15:00:00,15,5,6.9838132103411255,13.826205041628741,3.1749810764354662,Clear,1,member,e-bike,2.0
832,2025-07-03 07:00:00,7,3,20.354440570641916,18.142872598556792,0.48829587390965234,Clear,0,casual,classic,124.0
833,2025-07-13 16:00:00,16,6,6.405781650128231,37.74302534741436,1.6113392791907577,Clear,1,member,e-bike,21.0
834,2025-07-13 19:00:00,19,6,2.161531813626688,48.595520636148024,1.3475099336838856,Windy,1,,classic,
835,2025-07-02 05:00:00,5,2,13.179783701144956,14.538777278269677,0.43365840702737324,Clear,0,member,classic,76.0
836,2025-07-01 10:00:00,10,1,24.96423690577363,10.854724764898405,1.16674851459353,Clear,0,casual,classic,61.0
837,2025-07-13 16:00:00,16,6,0.41526864670199437,31.514938399953273,0.1744518145334125,Cloudy,1,member,e-bike,0.0
838,2025-07-26 20:00:00,20,5,1.700139637115111,7.022777043838589,2.575546826642408,Cloudy,1,member,classic,0.0
839,2025-07-17 19:00:00,19,3,6.188016926869205,20.0662574762257,3.0509263546204006,Fog,0,casual,classic,17.0
840,2025-07-18 17:00:00,17,4,10.29556126306288,7.763640987883963,1.2885835318436625,Fog,0,member,e-bike,72.0
841,2025-07-07 15:00:00,15,0,8.583879383262447,17.730383168609126,0.288443620607671,Cloudy,0,casual,e-bike,26.0
842,2025-07-10 21:00:00,21,3,12.709579637613498,18.585176500241133,1.1313851069252878,Clear,0,member,classic,70.0
843,2025-07-15 15:00:00,15,1,11.52927617388459,26.441978082324148,1.8745729964389042,Fog,0,member,classic,51.0
844,2025-07-15 23:00:00,23,1,8.90306832758672,40.462001561890865,0.5222502029599222,Windy,0,member,e-bike,15.0
845,2025-07-24 05:00:00,5,3,18.71504777545974,11.132992773521945,0.8450223790409562,Clear,0,casual,classic,88.0
846,2025-07-09 19:00:00,19,2,,9.85077754619676,1.4343138424994415,Clear,0,casual,classic,37.0
847,2025-07-25 00:00:00,0,4,19.27324073502052,21.708132413481323,1.9083114568698518,Clear,0,member,e-bike,95.0
848,2025-07-24 14:00:00,14,3,15.657599762212387,25.706604761975754,0.6945451243529938,Clear,0,member,classic,81.0
849,2025-07-08 12:00:00,12,1,12.448697233439653,4.361299090189053,2.9467764260162332,Clear,0,member,classic,66.0
850,2025-07-07 08:00:00,8,0,17.477348400621338,13.7256133545185,3.5868527051661103,Clear,0,member,classic,98.0
851,2025-07-13 09:00:00,9,6,26.758688667889288,25.02482594505115,1.5144588499014744,Clear,1,member,classic,60.0
852,2025-07-16 23:00:00,23,2,7.027776122494036,13.700715772655183,0.12293804105711462,Fog,0,member,e-bike,14.0
853,2025-07-02 14:00:00,14,2,7.955510147049555,32.37330108229359,1.0231845009891087,Clear,0,member,e-bike,11.0
854,2025-07-27 01:00:00,1,6,14.26886502261002,,0.11806754994596555,Clear,1,member,e-bike,76.0
855,2025-07-17 04:00:00,4,3,22.00779069650546,34.47158327811485,0.5775273994138496,Cloudy,0,member,e-bike,63.0
856,2025-07-15 12:00:00,12,1,12.76136644748559,,1.8732213994942555,Clear,0,member,e-bike,60.0
857,2025-07-20 10:00:00,10,6,12.094783433526452,33.40917776780108,1.5210037553316036,Clear,1,member,classic,73.0
858,2025-07-10 09:00:00,9,3,13.26888033502841,23.55810063328415,0.9811247249488745,Clear,0,member,classic,95.0
859,2025-07-10 09:00:00,9,3,24.551648181374336,21.6724573904975,2.6445998111034648,Clear,0,member,classic,73.0
860,2025-07-05 10:00:00,10,5,21.1333058881126,11.042957902298422,3.723839778945037,Clear,1,casual,e-bike,77.0
861,2025-07-23 20:00:00,20,2,10.071787746599536,4.252556490348479,3.233857466975295,Clear,0,casual,classic,32.0
862,2025-07-24 15:00:00,15,3,9.819219875261842,35.47469883555769,5.79666989508695,Rain,0,member,classic,10.0
863,2025-07-29 15:00:00,15,1,7.597612216550452,20.019306869373956,0.568688428083943,Fog,0,member,classic,12.0
864,2025-07-01 22:00:00,22,1,12.670588819957251,18.072385847004533,0.676970697619335,Cloudy,0,member,classic,57.0
865,2025-07-30 17:00:00,17,2,9.899013248958491,12.529537384257639,1.249893115789279,Fog,0,member,e-bike,1154.0
866,2025-07-14 09:00:00,9,0,17.947892736357336,19.85890112322958,0.4362887937232865,Clear,0,casual,e-bike,122.0
867,2025-07-30 07:00:00,7,2,15.499322856857727,13.385431552604658,3.3863389543380653,Fog,0,casual,classic,100.0
868,2025-07-10 04:00:00,4,3,18.288249371843957,23.907616219301808,0.24243437541510765,Clear,0,member,e-bike,93.0
869,2025-07-24 05:00:00,5,3,,16.830713400192664,0.7432689852437964,Cloudy,0,member,e-bike,92.0
870,2025-07-17 01:00:00,1,3,11.531138228444672,39.08064751780153,0.837778763689821,Fog,0,member,classic,37.0
871,2025-07-02 23:00:00,23,2,12.74920757624058,6.089361247179779,0.13149147826148475,Clear,0,member,classic,67.0
872,2025-07-07 13:00:00,13,0,16.723368032764164,33.97617259748643,1.7652834424009176,Clear,0,casual,classic,73.0
873,2025-07-28 19:00:00,19,0,9.294680691318687,9.907916358880534,2.014505541617494,Clear,0,casual,classic,66.0
874,2025-07-03 10:00:00,10,3,12.080484419186579,26.51738009565481,1.2991951219332913,Clear,0,member,classic,63.0
875,2025-07-15 03:00:00,3,1,21.69858740363708,29.62634814531352,0.26672427925277714,Clear,0,member,e-bike,84.0
876,2025-07-07 13:00:00,13,0,18.618848812637612,17.45070613890397,5.815139744797577,Rain,0,casual,e-bike,72.0
877,2025-07-07 06:00:00,6,0,20.836531930825636,2.6777436206546064,0.10445977287519322,Fog,0,member,e-bike,67.0
878,2025-07-06 08:00:00,8,6,21.693996339773655,26.11413572405422,1.2357813505482629,Fog,1,member,classic,94.0
879,2025-07-06 00:00:00,0,6,7.254063908720429,26.485752376699857,0.49998933548789604,Clear,1,member,classic,16.0
880,2025-07-09 22:00:00,22,2,8.380595109869917,14.37135720463502,0.23032432733765879,Clear,0,member,classic,24.0
881,2025-07-24 21:00:00,21,3,3.9516193552731007,21.245638870812613,0.3956005407985658,Clear,0,,classic,
882,2025-07-13 01:00:00,1,6,12.921827004549831,21.91620715746419,0.259705055618278,Clear,1,casual,classic,71.0
883,2025-07-30 15:00:00,15,2,2.106602238352502,21.887098545890233,0.0765508901445298,Clear,0,casual,e-bike,3.0
884,2025-07-23 23:00:00,23,2,8.631555856717265,,2.240589862992533,Clear,0,member,classic,16.0
885,2025-07-03 22:00:00,22,3,8.0364767019787,7.676913760470225,4.954731096051806,Rain,0,member,e-bike,5.0
886,2025-07-27 04:00:00,4,6,19.10290699987988,14.911996488451994,2.0862901042118573,Clear,1,member,e-bike,88.0
887,2025-07-28 00:00:00,0,0,17.344811290292675,14.808389764574464,0.3444505717177603,Clear,0,member,classic,96.0
888,2025-07-19 16:00:00,16,5,9.394882470766724,40.290380254179254,1.234734996541689,Windy,1,casual,classic,40.0
889,2025-07-02 03:00:00,3,2,22.68240715001785,29.018089156092906,,Cloudy,0,member,classic,47.0
890,2025-07-18 23:00:00,23,4,10.47430160677232,8.754659084579647,1.6207167026580258,Cloudy,0,member,e-bike,42.0
891,2025-07-17 09:00:00,9,3,23.804144666412455,34.987945551658754,0.6397214518708265,Clear,0,casual,e-bike,88.0
892,2025-07-20 12:00:00,12,6,7.002762249780467,15.201050904423067,0.9407157911856597,,1,member,classic,28.0
893,2025-07-05 09:00:00,9,5,19.782452327374322,17.847755078181955,0.01228780836202833,Clear,1,member,e-bike,111.0
894,2025-07-27 11:00:00,11,6,10.27034952911561,6.316650332883638,0.18862630112828835,Clear,1,member,classic,63.0
895,2025-07-13 10:00:00,10,6,18.885400389088282,4.0826962201270165,0.8840043189472869,Clear,1,member,e-bike,109.0
896,2025-07-24 06:00:00,6,3,18.546283277898148,13.210677827942614,0.6438728095658212,Cloudy,0,member,e-bike,79.0
897,2025-07-03 15:00:00,15,3,16.737962742659136,13.428131342501352,0.3445169859775737,Cloudy,0,member,classic,85.0
898,2025-07-03 20:00:00,20,3,9.404121513607194,18.623159949237007,1.0953202216500244,Clear,0,member,e-bike,38.0
899,2025-07-14 20:00:00,20,0,5.590661045808558,14.92720032094146,2.0569647327198335,Clear,0,casual,classic,1.0
900,2025-07-21 04:00:00,4,0,12.343570361287703,9.784097111645305,3.288084676824071,Clear,0,casual,e-bike,40.0
